series_id,date,value
CPIAUCSL,1947-01-01,21.48
CPIAUCSL,1947-02-01,21.62
CPIAUCSL,1947-03-01,22.0
CPIAUCSL,1947-04-01,22.0
CPIAUCSL,1947-05-01,21.95
CPIAUCSL,1947-06-01,22.08
CPIAUCSL,1947-07-01,22.23
CPIAUCSL,1947-08-01,22.4
CPIAUCSL,1947-09-01,22.84
CPIAUCSL,1947-10-01,22.91
CPIAUCSL,1947-11-01,23.06
CPIAUCSL,1947-12-01,23.41
CPIAUCSL,1948-01-01,23.68
CPIAUCSL,1948-02-01,23.67
CPIAUCSL,1948-03-01,23.5
CPIAUCSL,1948-04-01,23.82
CPIAUCSL,1948-05-01,24.01
CPIAUCSL,1948-06-01,24.15
CPIAUCSL,1948-07-01,24.4
CPIAUCSL,1948-08-01,24.43
CPIAUCSL,1948-09-01,24.36
CPIAUCSL,1948-10-01,24.31
CPIAUCSL,1948-11-01,24.16
CPIAUCSL,1948-12-01,24.05
CPIAUCSL,1949-01-01,24.01
CPIAUCSL,1949-02-01,23.91
CPIAUCSL,1949-03-01,23.91
CPIAUCSL,1949-04-01,23.92
CPIAUCSL,1949-05-01,23.91
CPIAUCSL,1949-06-01,23.92
CPIAUCSL,1949-07-01,23.7
CPIAUCSL,1949-08-01,23.7
CPIAUCSL,1949-09-01,23.75
CPIAUCSL,1949-10-01,23.67
CPIAUCSL,1949-11-01,23.7
CPIAUCSL,1949-12-01,23.61
CPIAUCSL,1950-01-01,23.51
CPIAUCSL,1950-02-01,23.61
CPIAUCSL,1950-03-01,23.64
CPIAUCSL,1950-04-01,23.65
CPIAUCSL,1950-05-01,23.77
CPIAUCSL,1950-06-01,23.88
CPIAUCSL,1950-07-01,24.07
CPIAUCSL,1950-08-01,24.2
CPIAUCSL,1950-09-01,24.34
CPIAUCSL,1950-10-01,24.5
CPIAUCSL,1950-11-01,24.6
CPIAUCSL,1950-12-01,24.98
CPIAUCSL,1951-01-01,25.38
CPIAUCSL,1951-02-01,25.83
CPIAUCSL,1951-03-01,25.88
CPIAUCSL,1951-04-01,25.92
CPIAUCSL,1951-05-01,25.99
CPIAUCSL,1951-06-01,25.93
CPIAUCSL,1951-07-01,25.91
CPIAUCSL,1951-08-01,25.86
CPIAUCSL,1951-09-01,26.03
CPIAUCSL,1951-10-01,26.16
CPIAUCSL,1951-11-01,26.32
CPIAUCSL,1951-12-01,26.47
CPIAUCSL,1952-01-01,26.45
CPIAUCSL,1952-02-01,26.41
CPIAUCSL,1952-03-01,26.39
CPIAUCSL,1952-04-01,26.46
CPIAUCSL,1952-05-01,26.47
CPIAUCSL,1952-06-01,26.53
CPIAUCSL,1952-07-01,26.68
CPIAUCSL,1952-08-01,26.69
CPIAUCSL,1952-09-01,26.63
CPIAUCSL,1952-10-01,26.69
CPIAUCSL,1952-11-01,26.69
CPIAUCSL,1952-12-01,26.71
CPIAUCSL,1953-01-01,26.64
CPIAUCSL,1953-02-01,26.59
CPIAUCSL,1953-03-01,26.63
CPIAUCSL,1953-04-01,26.69
CPIAUCSL,1953-05-01,26.7
CPIAUCSL,1953-06-01,26.77
CPIAUCSL,1953-07-01,26.79
CPIAUCSL,1953-08-01,26.85
CPIAUCSL,1953-09-01,26.89
CPIAUCSL,1953-10-01,26.95
CPIAUCSL,1953-11-01,26.85
CPIAUCSL,1953-12-01,26.87
CPIAUCSL,1954-01-01,26.94
CPIAUCSL,1954-02-01,26.99
CPIAUCSL,1954-03-01,26.93
CPIAUCSL,1954-04-01,26.86
CPIAUCSL,1954-05-01,26.93
CPIAUCSL,1954-06-01,26.94
CPIAUCSL,1954-07-01,26.86
CPIAUCSL,1954-08-01,26.85
CPIAUCSL,1954-09-01,26.81
CPIAUCSL,1954-10-01,26.72
CPIAUCSL,1954-11-01,26.78
CPIAUCSL,1954-12-01,26.77
CPIAUCSL,1955-01-01,26.77
CPIAUCSL,1955-02-01,26.82
CPIAUCSL,1955-03-01,26.79
CPIAUCSL,1955-04-01,26.79
CPIAUCSL,1955-05-01,26.77
CPIAUCSL,1955-06-01,26.71
CPIAUCSL,1955-07-01,26.76
CPIAUCSL,1955-08-01,26.72
CPIAUCSL,1955-09-01,26.85
CPIAUCSL,1955-10-01,26.82
CPIAUCSL,1955-11-01,26.88
CPIAUCSL,1955-12-01,26.87
CPIAUCSL,1956-01-01,26.83
CPIAUCSL,1956-02-01,26.86
CPIAUCSL,1956-03-01,26.89
CPIAUCSL,1956-04-01,26.93
CPIAUCSL,1956-05-01,27.03
CPIAUCSL,1956-06-01,27.15
CPIAUCSL,1956-07-01,27.29
CPIAUCSL,1956-08-01,27.31
CPIAUCSL,1956-09-01,27.35
CPIAUCSL,1956-10-01,27.51
CPIAUCSL,1956-11-01,27.51
CPIAUCSL,1956-12-01,27.63
CPIAUCSL,1957-01-01,27.67
CPIAUCSL,1957-02-01,27.8
CPIAUCSL,1957-03-01,27.86
CPIAUCSL,1957-04-01,27.93
CPIAUCSL,1957-05-01,28.0
CPIAUCSL,1957-06-01,28.11
CPIAUCSL,1957-07-01,28.19
CPIAUCSL,1957-08-01,28.28
CPIAUCSL,1957-09-01,28.32
CPIAUCSL,1957-10-01,28.32
CPIAUCSL,1957-11-01,28.41
CPIAUCSL,1957-12-01,28.47
CPIAUCSL,1958-01-01,28.64
CPIAUCSL,1958-02-01,28.7
CPIAUCSL,1958-03-01,28.87
CPIAUCSL,1958-04-01,28.94
CPIAUCSL,1958-05-01,28.94
CPIAUCSL,1958-06-01,28.91
CPIAUCSL,1958-07-01,28.89
CPIAUCSL,1958-08-01,28.94
CPIAUCSL,1958-09-01,28.91
CPIAUCSL,1958-10-01,28.91
CPIAUCSL,1958-11-01,28.95
CPIAUCSL,1958-12-01,28.97
CPIAUCSL,1959-01-01,29.01
CPIAUCSL,1959-02-01,29.0
CPIAUCSL,1959-03-01,28.97
CPIAUCSL,1959-04-01,28.98
CPIAUCSL,1959-05-01,29.04
CPIAUCSL,1959-06-01,29.11
CPIAUCSL,1959-07-01,29.15
CPIAUCSL,1959-08-01,29.18
CPIAUCSL,1959-09-01,29.25
CPIAUCSL,1959-10-01,29.35
CPIAUCSL,1959-11-01,29.35
CPIAUCSL,1959-12-01,29.41
CPIAUCSL,1960-01-01,29.37
CPIAUCSL,1960-02-01,29.41
CPIAUCSL,1960-03-01,29.41
CPIAUCSL,1960-04-01,29.54
CPIAUCSL,1960-05-01,29.57
CPIAUCSL,1960-06-01,29.61
CPIAUCSL,1960-07-01,29.55
CPIAUCSL,1960-08-01,29.61
CPIAUCSL,1960-09-01,29.61
CPIAUCSL,1960-10-01,29.75
CPIAUCSL,1960-11-01,29.78
CPIAUCSL,1960-12-01,29.81
CPIAUCSL,1961-01-01,29.84
CPIAUCSL,1961-02-01,29.84
CPIAUCSL,1961-03-01,29.84
CPIAUCSL,1961-04-01,29.81
CPIAUCSL,1961-05-01,29.84
CPIAUCSL,1961-06-01,29.84
CPIAUCSL,1961-07-01,29.92
CPIAUCSL,1961-08-01,29.94
CPIAUCSL,1961-09-01,29.98
CPIAUCSL,1961-10-01,29.98
CPIAUCSL,1961-11-01,29.98
CPIAUCSL,1961-12-01,30.01
CPIAUCSL,1962-01-01,30.04
CPIAUCSL,1962-02-01,30.11
CPIAUCSL,1962-03-01,30.17
CPIAUCSL,1962-04-01,30.21
CPIAUCSL,1962-05-01,30.24
CPIAUCSL,1962-06-01,30.21
CPIAUCSL,1962-07-01,30.22
CPIAUCSL,1962-08-01,30.28
CPIAUCSL,1962-09-01,30.42
CPIAUCSL,1962-10-01,30.38
CPIAUCSL,1962-11-01,30.38
CPIAUCSL,1962-12-01,30.38
CPIAUCSL,1963-01-01,30.44
CPIAUCSL,1963-02-01,30.48
CPIAUCSL,1963-03-01,30.51
CPIAUCSL,1963-04-01,30.48
CPIAUCSL,1963-05-01,30.51
CPIAUCSL,1963-06-01,30.61
CPIAUCSL,1963-07-01,30.69
CPIAUCSL,1963-08-01,30.75
CPIAUCSL,1963-09-01,30.72
CPIAUCSL,1963-10-01,30.75
CPIAUCSL,1963-11-01,30.78
CPIAUCSL,1963-12-01,30.88
CPIAUCSL,1964-01-01,30.94
CPIAUCSL,1964-02-01,30.91
CPIAUCSL,1964-03-01,30.94
CPIAUCSL,1964-04-01,30.95
CPIAUCSL,1964-05-01,30.98
CPIAUCSL,1964-06-01,31.01
CPIAUCSL,1964-07-01,31.02
CPIAUCSL,1964-08-01,31.05
CPIAUCSL,1964-09-01,31.08
CPIAUCSL,1964-10-01,31.12
CPIAUCSL,1964-11-01,31.21
CPIAUCSL,1964-12-01,31.25
CPIAUCSL,1965-01-01,31.28
CPIAUCSL,1965-02-01,31.28
CPIAUCSL,1965-03-01,31.31
CPIAUCSL,1965-04-01,31.38
CPIAUCSL,1965-05-01,31.48
CPIAUCSL,1965-06-01,31.61
CPIAUCSL,1965-07-01,31.58
CPIAUCSL,1965-08-01,31.55
CPIAUCSL,1965-09-01,31.62
CPIAUCSL,1965-10-01,31.65
CPIAUCSL,1965-11-01,31.75
CPIAUCSL,1965-12-01,31.85
CPIAUCSL,1966-01-01,31.88
CPIAUCSL,1966-02-01,32.08
CPIAUCSL,1966-03-01,32.18
CPIAUCSL,1966-04-01,32.28
CPIAUCSL,1966-05-01,32.35
CPIAUCSL,1966-06-01,32.38
CPIAUCSL,1966-07-01,32.45
CPIAUCSL,1966-08-01,32.65
CPIAUCSL,1966-09-01,32.75
CPIAUCSL,1966-10-01,32.85
CPIAUCSL,1966-11-01,32.88
CPIAUCSL,1966-12-01,32.92
CPIAUCSL,1967-01-01,32.9
CPIAUCSL,1967-02-01,33.0
CPIAUCSL,1967-03-01,33.0
CPIAUCSL,1967-04-01,33.1
CPIAUCSL,1967-05-01,33.1
CPIAUCSL,1967-06-01,33.3
CPIAUCSL,1967-07-01,33.4
CPIAUCSL,1967-08-01,33.5
CPIAUCSL,1967-09-01,33.6
CPIAUCSL,1967-10-01,33.7
CPIAUCSL,1967-11-01,33.9
CPIAUCSL,1967-12-01,34.0
CPIAUCSL,1968-01-01,34.1
CPIAUCSL,1968-02-01,34.2
CPIAUCSL,1968-03-01,34.3
CPIAUCSL,1968-04-01,34.4
CPIAUCSL,1968-05-01,34.5
CPIAUCSL,1968-06-01,34.7
CPIAUCSL,1968-07-01,34.9
CPIAUCSL,1968-08-01,35.0
CPIAUCSL,1968-09-01,35.1
CPIAUCSL,1968-10-01,35.3
CPIAUCSL,1968-11-01,35.4
CPIAUCSL,1968-12-01,35.6
CPIAUCSL,1969-01-01,35.7
CPIAUCSL,1969-02-01,35.8
CPIAUCSL,1969-03-01,36.1
CPIAUCSL,1969-04-01,36.3
CPIAUCSL,1969-05-01,36.4
CPIAUCSL,1969-06-01,36.6
CPIAUCSL,1969-07-01,36.8
CPIAUCSL,1969-08-01,36.9
CPIAUCSL,1969-09-01,37.1
CPIAUCSL,1969-10-01,37.3
CPIAUCSL,1969-11-01,37.5
CPIAUCSL,1969-12-01,37.7
CPIAUCSL,1970-01-01,37.9
CPIAUCSL,1970-02-01,38.1
CPIAUCSL,1970-03-01,38.3
CPIAUCSL,1970-04-01,38.5
CPIAUCSL,1970-05-01,38.6
CPIAUCSL,1970-06-01,38.8
CPIAUCSL,1970-07-01,38.9
CPIAUCSL,1970-08-01,39.0
CPIAUCSL,1970-09-01,39.2
CPIAUCSL,1970-10-01,39.4
CPIAUCSL,1970-11-01,39.6
CPIAUCSL,1970-12-01,39.8
CPIAUCSL,1971-01-01,39.9
CPIAUCSL,1971-02-01,39.9
CPIAUCSL,1971-03-01,40.0
CPIAUCSL,1971-04-01,40.1
CPIAUCSL,1971-05-01,40.3
CPIAUCSL,1971-06-01,40.5
CPIAUCSL,1971-07-01,40.6
CPIAUCSL,1971-08-01,40.7
CPIAUCSL,1971-09-01,40.8
CPIAUCSL,1971-10-01,40.9
CPIAUCSL,1971-11-01,41.0
CPIAUCSL,1971-12-01,41.1
CPIAUCSL,1972-01-01,41.2
CPIAUCSL,1972-02-01,41.4
CPIAUCSL,1972-03-01,41.4
CPIAUCSL,1972-04-01,41.5
CPIAUCSL,1972-05-01,41.6
CPIAUCSL,1972-06-01,41.7
CPIAUCSL,1972-07-01,41.8
CPIAUCSL,1972-08-01,41.9
CPIAUCSL,1972-09-01,42.1
CPIAUCSL,1972-10-01,42.2
CPIAUCSL,1972-11-01,42.4
CPIAUCSL,1972-12-01,42.5
CPIAUCSL,1973-01-01,42.7
CPIAUCSL,1973-02-01,43.0
CPIAUCSL,1973-03-01,43.4
CPIAUCSL,1973-04-01,43.7
CPIAUCSL,1973-05-01,43.9
CPIAUCSL,1973-06-01,44.2
CPIAUCSL,1973-07-01,44.2
CPIAUCSL,1973-08-01,45.0
CPIAUCSL,1973-09-01,45.2
CPIAUCSL,1973-10-01,45.6
CPIAUCSL,1973-11-01,45.9
CPIAUCSL,1973-12-01,46.3
CPIAUCSL,1974-01-01,46.8
CPIAUCSL,1974-02-01,47.3
CPIAUCSL,1974-03-01,47.8
CPIAUCSL,1974-04-01,48.1
CPIAUCSL,1974-05-01,48.6
CPIAUCSL,1974-06-01,49.0
CPIAUCSL,1974-07-01,49.3
CPIAUCSL,1974-08-01,49.9
CPIAUCSL,1974-09-01,50.6
CPIAUCSL,1974-10-01,51.0
CPIAUCSL,1974-11-01,51.5
CPIAUCSL,1974-12-01,51.9
CPIAUCSL,1975-01-01,52.3
CPIAUCSL,1975-02-01,52.6
CPIAUCSL,1975-03-01,52.8
CPIAUCSL,1975-04-01,53.0
CPIAUCSL,1975-05-01,53.1
CPIAUCSL,1975-06-01,53.5
CPIAUCSL,1975-07-01,54.0
CPIAUCSL,1975-08-01,54.2
CPIAUCSL,1975-09-01,54.6
CPIAUCSL,1975-10-01,54.9
CPIAUCSL,1975-11-01,55.3
CPIAUCSL,1975-12-01,55.6
CPIAUCSL,1976-01-01,55.8
CPIAUCSL,1976-02-01,55.9
CPIAUCSL,1976-03-01,56.0
CPIAUCSL,1976-04-01,56.1
CPIAUCSL,1976-05-01,56.4
CPIAUCSL,1976-06-01,56.7
CPIAUCSL,1976-07-01,57.0
CPIAUCSL,1976-08-01,57.3
CPIAUCSL,1976-09-01,57.6
CPIAUCSL,1976-10-01,57.9
CPIAUCSL,1976-11-01,58.1
CPIAUCSL,1976-12-01,58.4
CPIAUCSL,1977-01-01,58.7
CPIAUCSL,1977-02-01,59.3
CPIAUCSL,1977-03-01,59.6
CPIAUCSL,1977-04-01,60.0
CPIAUCSL,1977-05-01,60.2
CPIAUCSL,1977-06-01,60.5
CPIAUCSL,1977-07-01,60.8
CPIAUCSL,1977-08-01,61.1
CPIAUCSL,1977-09-01,61.3
CPIAUCSL,1977-10-01,61.6
CPIAUCSL,1977-11-01,62.0
CPIAUCSL,1977-12-01,62.3
CPIAUCSL,1978-01-01,62.7
CPIAUCSL,1978-02-01,63.0
CPIAUCSL,1978-03-01,63.4
CPIAUCSL,1978-04-01,63.9
CPIAUCSL,1978-05-01,64.5
CPIAUCSL,1978-06-01,65.0
CPIAUCSL,1978-07-01,65.5
CPIAUCSL,1978-08-01,65.9
CPIAUCSL,1978-09-01,66.5
CPIAUCSL,1978-10-01,67.1
CPIAUCSL,1978-11-01,67.5
CPIAUCSL,1978-12-01,67.9
CPIAUCSL,1979-01-01,68.5
CPIAUCSL,1979-02-01,69.2
CPIAUCSL,1979-03-01,69.9
CPIAUCSL,1979-04-01,70.6
CPIAUCSL,1979-05-01,71.4
CPIAUCSL,1979-06-01,72.2
CPIAUCSL,1979-07-01,73.0
CPIAUCSL,1979-08-01,73.7
CPIAUCSL,1979-09-01,74.4
CPIAUCSL,1979-10-01,75.2
CPIAUCSL,1979-11-01,76.0
CPIAUCSL,1979-12-01,76.9
CPIAUCSL,1980-01-01,78.0
CPIAUCSL,1980-02-01,79.0
CPIAUCSL,1980-03-01,80.1
CPIAUCSL,1980-04-01,80.9
CPIAUCSL,1980-05-01,81.7
CPIAUCSL,1980-06-01,82.5
CPIAUCSL,1980-07-01,82.6
CPIAUCSL,1980-08-01,83.2
CPIAUCSL,1980-09-01,83.9
CPIAUCSL,1980-10-01,84.7
CPIAUCSL,1980-11-01,85.6
CPIAUCSL,1980-12-01,86.4
CPIAUCSL,1981-01-01,87.2
CPIAUCSL,1981-02-01,88.0
CPIAUCSL,1981-03-01,88.6
CPIAUCSL,1981-04-01,89.1
CPIAUCSL,1981-05-01,89.7
CPIAUCSL,1981-06-01,90.5
CPIAUCSL,1981-07-01,91.5
CPIAUCSL,1981-08-01,92.2
CPIAUCSL,1981-09-01,93.1
CPIAUCSL,1981-10-01,93.4
CPIAUCSL,1981-11-01,93.8
CPIAUCSL,1981-12-01,94.1
CPIAUCSL,1982-01-01,94.4
CPIAUCSL,1982-02-01,94.7
CPIAUCSL,1982-03-01,94.7
CPIAUCSL,1982-04-01,95.0
CPIAUCSL,1982-05-01,95.9
CPIAUCSL,1982-06-01,97.0
CPIAUCSL,1982-07-01,97.5
CPIAUCSL,1982-08-01,97.7
CPIAUCSL,1982-09-01,97.7
CPIAUCSL,1982-10-01,98.1
CPIAUCSL,1982-11-01,98.0
CPIAUCSL,1982-12-01,97.7
CPIAUCSL,1983-01-01,97.9
CPIAUCSL,1983-02-01,98.0
CPIAUCSL,1983-03-01,98.1
CPIAUCSL,1983-04-01,98.8
CPIAUCSL,1983-05-01,99.2
CPIAUCSL,1983-06-01,99.4
CPIAUCSL,1983-07-01,99.8
CPIAUCSL,1983-08-01,100.1
CPIAUCSL,1983-09-01,100.4
CPIAUCSL,1983-10-01,100.8
CPIAUCSL,1983-11-01,101.1
CPIAUCSL,1983-12-01,101.4
CPIAUCSL,1984-01-01,102.1
CPIAUCSL,1984-02-01,102.6
CPIAUCSL,1984-03-01,102.9
CPIAUCSL,1984-04-01,103.3
CPIAUCSL,1984-05-01,103.5
CPIAUCSL,1984-06-01,103.7
CPIAUCSL,1984-07-01,104.1
CPIAUCSL,1984-08-01,104.4
CPIAUCSL,1984-09-01,104.7
CPIAUCSL,1984-10-01,105.1
CPIAUCSL,1984-11-01,105.3
CPIAUCSL,1984-12-01,105.5
CPIAUCSL,1985-01-01,105.7
CPIAUCSL,1985-02-01,106.3
CPIAUCSL,1985-03-01,106.8
CPIAUCSL,1985-04-01,107.0
CPIAUCSL,1985-05-01,107.2
CPIAUCSL,1985-06-01,107.5
CPIAUCSL,1985-07-01,107.7
CPIAUCSL,1985-08-01,107.9
CPIAUCSL,1985-09-01,108.1
CPIAUCSL,1985-10-01,108.5
CPIAUCSL,1985-11-01,109.0
CPIAUCSL,1985-12-01,109.5
CPIAUCSL,1986-01-01,109.9
CPIAUCSL,1986-02-01,109.7
CPIAUCSL,1986-03-01,109.1
CPIAUCSL,1986-04-01,108.7
CPIAUCSL,1986-05-01,109.0
CPIAUCSL,1986-06-01,109.4
CPIAUCSL,1986-07-01,109.5
CPIAUCSL,1986-08-01,109.6
CPIAUCSL,1986-09-01,110.0
CPIAUCSL,1986-10-01,110.2
CPIAUCSL,1986-11-01,110.4
CPIAUCSL,1986-12-01,110.8
CPIAUCSL,1987-01-01,111.4
CPIAUCSL,1987-02-01,111.8
CPIAUCSL,1987-03-01,112.2
CPIAUCSL,1987-04-01,112.7
CPIAUCSL,1987-05-01,113.0
CPIAUCSL,1987-06-01,113.5
CPIAUCSL,1987-07-01,113.8
CPIAUCSL,1987-08-01,114.3
CPIAUCSL,1987-09-01,114.7
CPIAUCSL,1987-10-01,115.0
CPIAUCSL,1987-11-01,115.4
CPIAUCSL,1987-12-01,115.6
CPIAUCSL,1988-01-01,116.0
CPIAUCSL,1988-02-01,116.2
CPIAUCSL,1988-03-01,116.5
CPIAUCSL,1988-04-01,117.2
CPIAUCSL,1988-05-01,117.5
CPIAUCSL,1988-06-01,118.0
CPIAUCSL,1988-07-01,118.5
CPIAUCSL,1988-08-01,119.0
CPIAUCSL,1988-09-01,119.5
CPIAUCSL,1988-10-01,119.9
CPIAUCSL,1988-11-01,120.3
CPIAUCSL,1988-12-01,120.7
CPIAUCSL,1989-01-01,121.2
CPIAUCSL,1989-02-01,121.6
CPIAUCSL,1989-03-01,122.2
CPIAUCSL,1989-04-01,123.1
CPIAUCSL,1989-05-01,123.7
CPIAUCSL,1989-06-01,124.1
CPIAUCSL,1989-07-01,124.5
CPIAUCSL,1989-08-01,124.5
CPIAUCSL,1989-09-01,124.8
CPIAUCSL,1989-10-01,125.4
CPIAUCSL,1989-11-01,125.9
CPIAUCSL,1989-12-01,126.3
CPIAUCSL,1990-01-01,127.5
CPIAUCSL,1990-02-01,128.0
CPIAUCSL,1990-03-01,128.6
CPIAUCSL,1990-04-01,128.9
CPIAUCSL,1990-05-01,129.1
CPIAUCSL,1990-06-01,129.9
CPIAUCSL,1990-07-01,130.5
CPIAUCSL,1990-08-01,131.6
CPIAUCSL,1990-09-01,132.5
CPIAUCSL,1990-10-01,133.4
CPIAUCSL,1990-11-01,133.7
CPIAUCSL,1990-12-01,134.2
CPIAUCSL,1991-01-01,134.7
CPIAUCSL,1991-02-01,134.8
CPIAUCSL,1991-03-01,134.8
CPIAUCSL,1991-04-01,135.1
CPIAUCSL,1991-05-01,135.6
CPIAUCSL,1991-06-01,136.0
CPIAUCSL,1991-07-01,136.2
CPIAUCSL,1991-08-01,136.6
CPIAUCSL,1991-09-01,137.0
CPIAUCSL,1991-10-01,137.2
CPIAUCSL,1991-11-01,137.8
CPIAUCSL,1991-12-01,138.2
CPIAUCSL,1992-01-01,138.3
CPIAUCSL,1992-02-01,138.6
CPIAUCSL,1992-03-01,139.1
CPIAUCSL,1992-04-01,139.4
CPIAUCSL,1992-05-01,139.7
CPIAUCSL,1992-06-01,140.1
CPIAUCSL,1992-07-01,140.5
CPIAUCSL,1992-08-01,140.8
CPIAUCSL,1992-09-01,141.1
CPIAUCSL,1992-10-01,141.7
CPIAUCSL,1992-11-01,142.1
CPIAUCSL,1992-12-01,142.3
CPIAUCSL,1993-01-01,142.8
CPIAUCSL,1993-02-01,143.1
CPIAUCSL,1993-03-01,143.3
CPIAUCSL,1993-04-01,143.8
CPIAUCSL,1993-05-01,144.2
CPIAUCSL,1993-06-01,144.3
CPIAUCSL,1993-07-01,144.5
CPIAUCSL,1993-08-01,144.8
CPIAUCSL,1993-09-01,145.0
CPIAUCSL,1993-10-01,145.6
CPIAUCSL,1993-11-01,146.0
CPIAUCSL,1993-12-01,146.3
CPIAUCSL,1994-01-01,146.3
CPIAUCSL,1994-02-01,146.7
CPIAUCSL,1994-03-01,147.1
CPIAUCSL,1994-04-01,147.2
CPIAUCSL,1994-05-01,147.5
CPIAUCSL,1994-06-01,147.9
CPIAUCSL,1994-07-01,148.4
CPIAUCSL,1994-08-01,149.0
CPIAUCSL,1994-09-01,149.3
CPIAUCSL,1994-10-01,149.4
CPIAUCSL,1994-11-01,149.8
CPIAUCSL,1994-12-01,150.1
CPIAUCSL,1995-01-01,150.5
CPIAUCSL,1995-02-01,150.9
CPIAUCSL,1995-03-01,151.2
CPIAUCSL,1995-04-01,151.8
CPIAUCSL,1995-05-01,152.1
CPIAUCSL,1995-06-01,152.4
CPIAUCSL,1995-07-01,152.6
CPIAUCSL,1995-08-01,152.9
CPIAUCSL,1995-09-01,153.1
CPIAUCSL,1995-10-01,153.5
CPIAUCSL,1995-11-01,153.7
CPIAUCSL,1995-12-01,153.9
CPIAUCSL,1996-01-01,154.7
CPIAUCSL,1996-02-01,155.0
CPIAUCSL,1996-03-01,155.5
CPIAUCSL,1996-04-01,156.1
CPIAUCSL,1996-05-01,156.4
CPIAUCSL,1996-06-01,156.7
CPIAUCSL,1996-07-01,157.0
CPIAUCSL,1996-08-01,157.2
CPIAUCSL,1996-09-01,157.7
CPIAUCSL,1996-10-01,158.2
CPIAUCSL,1996-11-01,158.7
CPIAUCSL,1996-12-01,159.1
CPIAUCSL,1997-01-01,159.4
CPIAUCSL,1997-02-01,159.7
CPIAUCSL,1997-03-01,159.8
CPIAUCSL,1997-04-01,159.9
CPIAUCSL,1997-05-01,159.9
CPIAUCSL,1997-06-01,160.2
CPIAUCSL,1997-07-01,160.4
CPIAUCSL,1997-08-01,160.8
CPIAUCSL,1997-09-01,161.2
CPIAUCSL,1997-10-01,161.5
CPIAUCSL,1997-11-01,161.7
CPIAUCSL,1997-12-01,161.8
CPIAUCSL,1998-01-01,162.0
CPIAUCSL,1998-02-01,162.0
CPIAUCSL,1998-03-01,162.0
CPIAUCSL,1998-04-01,162.2
CPIAUCSL,1998-05-01,162.6
CPIAUCSL,1998-06-01,162.8
CPIAUCSL,1998-07-01,163.2
CPIAUCSL,1998-08-01,163.4
CPIAUCSL,1998-09-01,163.5
CPIAUCSL,1998-10-01,163.9
CPIAUCSL,1998-11-01,164.1
CPIAUCSL,1998-12-01,164.4
CPIAUCSL,1999-01-01,164.7
CPIAUCSL,1999-02-01,164.7
CPIAUCSL,1999-03-01,164.8
CPIAUCSL,1999-04-01,165.9
CPIAUCSL,1999-05-01,166.0
CPIAUCSL,1999-06-01,166.0
CPIAUCSL,1999-07-01,166.7
CPIAUCSL,1999-08-01,167.1
CPIAUCSL,1999-09-01,167.8
CPIAUCSL,1999-10-01,168.1
CPIAUCSL,1999-11-01,168.4
CPIAUCSL,1999-12-01,168.8
CPIAUCSL,2000-01-01,169.3
CPIAUCSL,2000-02-01,170.0
CPIAUCSL,2000-03-01,171.0
CPIAUCSL,2000-04-01,170.9
CPIAUCSL,2000-05-01,171.2
CPIAUCSL,2000-06-01,172.2
CPIAUCSL,2000-07-01,172.7
CPIAUCSL,2000-08-01,172.7
CPIAUCSL,2000-09-01,173.6
CPIAUCSL,2000-10-01,173.9
CPIAUCSL,2000-11-01,174.2
CPIAUCSL,2000-12-01,174.6
CPIAUCSL,2001-01-01,175.6
CPIAUCSL,2001-02-01,176.0
CPIAUCSL,2001-03-01,176.1
CPIAUCSL,2001-04-01,176.4
CPIAUCSL,2001-05-01,177.3
CPIAUCSL,2001-06-01,177.7
CPIAUCSL,2001-07-01,177.4
CPIAUCSL,2001-08-01,177.4
CPIAUCSL,2001-09-01,178.1
CPIAUCSL,2001-10-01,177.6
CPIAUCSL,2001-11-01,177.5
CPIAUCSL,2001-12-01,177.4
CPIAUCSL,2002-01-01,177.7
CPIAUCSL,2002-02-01,178.0
CPIAUCSL,2002-03-01,178.5
CPIAUCSL,2002-04-01,179.3
CPIAUCSL,2002-05-01,179.5
CPIAUCSL,2002-06-01,179.6
CPIAUCSL,2002-07-01,180.0
CPIAUCSL,2002-08-01,180.5
CPIAUCSL,2002-09-01,180.8
CPIAUCSL,2002-10-01,181.2
CPIAUCSL,2002-11-01,181.5
CPIAUCSL,2002-12-01,181.8
CPIAUCSL,2003-01-01,182.6
CPIAUCSL,2003-02-01,183.6
CPIAUCSL,2003-03-01,183.9
CPIAUCSL,2003-04-01,183.2
CPIAUCSL,2003-05-01,182.9
CPIAUCSL,2003-06-01,183.1
CPIAUCSL,2003-07-01,183.7
CPIAUCSL,2003-08-01,184.5
CPIAUCSL,2003-09-01,185.1
CPIAUCSL,2003-10-01,184.9
CPIAUCSL,2003-11-01,185.0
CPIAUCSL,2003-12-01,185.5
CPIAUCSL,2004-01-01,186.3
CPIAUCSL,2004-02-01,186.7
CPIAUCSL,2004-03-01,187.1
CPIAUCSL,2004-04-01,187.4
CPIAUCSL,2004-05-01,188.2
CPIAUCSL,2004-06-01,188.9
CPIAUCSL,2004-07-01,189.1
CPIAUCSL,2004-08-01,189.2
CPIAUCSL,2004-09-01,189.8
CPIAUCSL,2004-10-01,190.8
CPIAUCSL,2004-11-01,191.7
CPIAUCSL,2004-12-01,191.7
CPIAUCSL,2005-01-01,191.6
CPIAUCSL,2005-02-01,192.4
CPIAUCSL,2005-03-01,193.1
CPIAUCSL,2005-04-01,193.7
CPIAUCSL,2005-05-01,193.6
CPIAUCSL,2005-06-01,193.7
CPIAUCSL,2005-07-01,194.9
CPIAUCSL,2005-08-01,196.1
CPIAUCSL,2005-09-01,198.8
CPIAUCSL,2005-10-01,199.1
CPIAUCSL,2005-11-01,198.1
CPIAUCSL,2005-12-01,198.1
CPIAUCSL,2006-01-01,199.3
CPIAUCSL,2006-02-01,199.4
CPIAUCSL,2006-03-01,199.7
CPIAUCSL,2006-04-01,200.7
CPIAUCSL,2006-05-01,201.3
CPIAUCSL,2006-06-01,201.8
CPIAUCSL,2006-07-01,202.9
CPIAUCSL,2006-08-01,203.8
CPIAUCSL,2006-09-01,202.8
CPIAUCSL,2006-10-01,201.9
CPIAUCSL,2006-11-01,202.0
CPIAUCSL,2006-12-01,203.1
CPIAUCSL,2007-01-01,203.437
CPIAUCSL,2007-02-01,204.226
CPIAUCSL,2007-03-01,205.288
CPIAUCSL,2007-04-01,205.904
CPIAUCSL,2007-05-01,206.755
CPIAUCSL,2007-06-01,207.234
CPIAUCSL,2007-07-01,207.603
CPIAUCSL,2007-08-01,207.667
CPIAUCSL,2007-09-01,208.547
CPIAUCSL,2007-10-01,209.19
CPIAUCSL,2007-11-01,210.834
CPIAUCSL,2007-12-01,211.445
CPIAUCSL,2008-01-01,212.174
CPIAUCSL,2008-02-01,212.687
CPIAUCSL,2008-03-01,213.448
CPIAUCSL,2008-04-01,213.942
CPIAUCSL,2008-05-01,215.208
CPIAUCSL,2008-06-01,217.463
CPIAUCSL,2008-07-01,219.016
CPIAUCSL,2008-08-01,218.69
CPIAUCSL,2008-09-01,218.877
CPIAUCSL,2008-10-01,216.995
CPIAUCSL,2008-11-01,213.153
CPIAUCSL,2008-12-01,211.398
CPIAUCSL,2009-01-01,211.933
CPIAUCSL,2009-02-01,212.705
CPIAUCSL,2009-03-01,212.495
CPIAUCSL,2009-04-01,212.709
CPIAUCSL,2009-05-01,213.022
CPIAUCSL,2009-06-01,214.79
CPIAUCSL,2009-07-01,214.726
CPIAUCSL,2009-08-01,215.445
CPIAUCSL,2009-09-01,215.861
CPIAUCSL,2009-10-01,216.509
CPIAUCSL,2009-11-01,217.234
CPIAUCSL,2009-12-01,217.347
CPIAUCSL,2010-01-01,217.488
CPIAUCSL,2010-02-01,217.281
CPIAUCSL,2010-03-01,217.353
CPIAUCSL,2010-04-01,217.403
CPIAUCSL,2010-05-01,217.29
CPIAUCSL,2010-06-01,217.199
CPIAUCSL,2010-07-01,217.605
CPIAUCSL,2010-08-01,217.923
CPIAUCSL,2010-09-01,218.275
CPIAUCSL,2010-10-01,219.035
CPIAUCSL,2010-11-01,219.59
CPIAUCSL,2010-12-01,220.472
CPIAUCSL,2011-01-01,221.187
CPIAUCSL,2011-02-01,221.898
CPIAUCSL,2011-03-01,223.046
CPIAUCSL,2011-04-01,224.093
CPIAUCSL,2011-05-01,224.806
CPIAUCSL,2011-06-01,224.806
CPIAUCSL,2011-07-01,225.395
CPIAUCSL,2011-08-01,226.106
CPIAUCSL,2011-09-01,226.597
CPIAUCSL,2011-10-01,226.75
CPIAUCSL,2011-11-01,227.169
CPIAUCSL,2011-12-01,227.223
CPIAUCSL,2012-01-01,227.842
CPIAUCSL,2012-02-01,228.329
CPIAUCSL,2012-03-01,228.807
CPIAUCSL,2012-04-01,229.187
CPIAUCSL,2012-05-01,228.713
CPIAUCSL,2012-06-01,228.524
CPIAUCSL,2012-07-01,228.59
CPIAUCSL,2012-08-01,229.918
CPIAUCSL,2012-09-01,231.015
CPIAUCSL,2012-10-01,231.638
CPIAUCSL,2012-11-01,231.249
CPIAUCSL,2012-12-01,231.221
CPIAUCSL,2013-01-01,231.679
CPIAUCSL,2013-02-01,232.937
CPIAUCSL,2013-03-01,232.282
CPIAUCSL,2013-04-01,231.797
CPIAUCSL,2013-05-01,231.893
CPIAUCSL,2013-06-01,232.445
CPIAUCSL,2013-07-01,232.9
CPIAUCSL,2013-08-01,233.456
CPIAUCSL,2013-09-01,233.544
CPIAUCSL,2013-10-01,233.669
CPIAUCSL,2013-11-01,234.1
CPIAUCSL,2013-12-01,234.719
CPIAUCSL,2014-01-01,235.288
CPIAUCSL,2014-02-01,235.547
CPIAUCSL,2014-03-01,236.028
CPIAUCSL,2014-04-01,236.468
CPIAUCSL,2014-05-01,236.918
CPIAUCSL,2014-06-01,237.231
CPIAUCSL,2014-07-01,237.498
CPIAUCSL,2014-08-01,237.46
CPIAUCSL,2014-09-01,237.477
CPIAUCSL,2014-10-01,237.43
CPIAUCSL,2014-11-01,236.983
CPIAUCSL,2014-12-01,236.252
CPIAUCSL,2015-01-01,234.747
CPIAUCSL,2015-02-01,235.342
CPIAUCSL,2015-03-01,235.976
CPIAUCSL,2015-04-01,236.222
CPIAUCSL,2015-05-01,237.001
CPIAUCSL,2015-06-01,237.657
CPIAUCSL,2015-07-01,238.034
CPIAUCSL,2015-08-01,238.033
CPIAUCSL,2015-09-01,237.498
CPIAUCSL,2015-10-01,237.733
CPIAUCSL,2015-11-01,238.017
CPIAUCSL,2015-12-01,237.761
CPIAUCSL,2016-01-01,237.652
CPIAUCSL,2016-02-01,237.336
CPIAUCSL,2016-03-01,238.08
CPIAUCSL,2016-04-01,238.992
CPIAUCSL,2016-05-01,239.557
CPIAUCSL,2016-06-01,240.222
CPIAUCSL,2016-07-01,240.101
CPIAUCSL,2016-08-01,240.545
CPIAUCSL,2016-09-01,241.176
CPIAUCSL,2016-10-01,241.741
CPIAUCSL,2016-11-01,242.026
CPIAUCSL,2016-12-01,242.637
CPIAUCSL,2017-01-01,243.618
CPIAUCSL,2017-02-01,244.006
CPIAUCSL,2017-03-01,243.892
CPIAUCSL,2017-04-01,244.193
CPIAUCSL,2017-05-01,244.004
CPIAUCSL,2017-06-01,244.163
CPIAUCSL,2017-07-01,244.243
CPIAUCSL,2017-08-01,245.183
CPIAUCSL,2017-09-01,246.435
CPIAUCSL,2017-10-01,246.626
CPIAUCSL,2017-11-01,247.284
CPIAUCSL,2017-12-01,247.805
CPIAUCSL,2018-01-01,248.859
CPIAUCSL,2018-02-01,249.529
CPIAUCSL,2018-03-01,249.577
CPIAUCSL,2018-04-01,250.227
CPIAUCSL,2018-05-01,250.792
CPIAUCSL,2018-06-01,251.018
CPIAUCSL,2018-07-01,251.214
CPIAUCSL,2018-08-01,251.663
CPIAUCSL,2018-09-01,252.182
CPIAUCSL,2018-10-01,252.772
CPIAUCSL,2018-11-01,252.594
CPIAUCSL,2018-12-01,252.767
CPIAUCSL,2019-01-01,252.561
CPIAUCSL,2019-02-01,253.319
CPIAUCSL,2019-03-01,254.277
CPIAUCSL,2019-04-01,255.233
CPIAUCSL,2019-05-01,255.296
CPIAUCSL,2019-06-01,255.213
CPIAUCSL,2019-07-01,255.802
CPIAUCSL,2019-08-01,256.036
CPIAUCSL,2019-09-01,256.43
CPIAUCSL,2019-10-01,257.155
CPIAUCSL,2019-11-01,257.879
CPIAUCSL,2019-12-01,258.63
CPIAUCSL,2020-01-01,259.127
CPIAUCSL,2020-02-01,259.25
CPIAUCSL,2020-03-01,258.076
CPIAUCSL,2020-04-01,256.032
CPIAUCSL,2020-05-01,255.802
CPIAUCSL,2020-06-01,257.042
CPIAUCSL,2020-07-01,258.352
CPIAUCSL,2020-08-01,259.316
CPIAUCSL,2020-09-01,259.997
CPIAUCSL,2020-10-01,260.319
CPIAUCSL,2020-11-01,260.911
CPIAUCSL,2020-12-01,262.045
CPIAUCSL,2021-01-01,262.639
CPIAUCSL,2021-02-01,263.573
CPIAUCSL,2021-03-01,264.847
CPIAUCSL,2021-04-01,266.625
CPIAUCSL,2021-05-01,268.404
CPIAUCSL,2021-06-01,270.71
CPIAUCSL,2021-07-01,271.965
CPIAUCSL,2021-08-01,272.752
CPIAUCSL,2021-09-01,273.942
CPIAUCSL,2021-10-01,276.528
CPIAUCSL,2021-11-01,278.824
CPIAUCSL,2021-12-01,280.806
CPIAUCSL,2022-01-01,282.542
CPIAUCSL,2022-02-01,284.525
CPIAUCSL,2022-03-01,287.467
CPIAUCSL,2022-04-01,288.582
CPIAUCSL,2022-05-01,291.299
CPIAUCSL,2022-06-01,295.072
CPIAUCSL,2022-07-01,294.94
CPIAUCSL,2022-08-01,295.162
CPIAUCSL,2022-09-01,296.421
CPIAUCSL,2022-10-01,297.979
CPIAUCSL,2022-11-01,298.708
CPIAUCSL,2022-12-01,298.808
CPIAUCSL,2023-01-01,300.456
CPIAUCSL,2023-02-01,301.476
CPIAUCSL,2023-03-01,301.643
CPIAUCSL,2023-04-01,302.858
CPIAUCSL,2023-05-01,303.316
CPIAUCSL,2023-06-01,304.099
CPIAUCSL,2023-07-01,304.615
CPIAUCSL,2023-08-01,306.138
CPIAUCSL,2023-09-01,307.374
CPIAUCSL,2023-10-01,307.653
CPIAUCSL,2023-11-01,308.087
CPIAUCSL,2023-12-01,308.735
CPIAUCSL,2024-01-01,309.794
CPIAUCSL,2024-02-01,311.022
CPIAUCSL,2024-03-01,312.107
CPIAUCSL,2024-04-01,313.016
CPIAUCSL,2024-05-01,313.14
CPIAUCSL,2024-06-01,313.131
CPIAUCSL,2024-07-01,313.566
CPIAUCSL,2024-08-01,314.131
CPIAUCSL,2024-09-01,314.851
CPIAUCSL,2024-10-01,315.564
CPIAUCSL,2024-11-01,316.449
CPIAUCSL,2024-12-01,317.603
CPIAUCSL,2025-01-01,319.086
CPIAUCSL,2025-02-01,319.775
CPIAUCSL,2025-03-01,319.615
CPIAUCSL,2025-04-01,320.321
CPIAUCSL,2025-05-01,320.58
CPIAUCSL,2025-06-01,321.5
CPIAUCSL,2025-07-01,322.132
JTSHIL,2000-12-01,5426.0
JTSHIL,2001-01-01,5722.0
JTSHIL,2001-02-01,5303.0
JTSHIL,2001-03-01,5528.0
JTSHIL,2001-04-01,5204.0
JTSHIL,2001-05-01,5410.0
JTSHIL,2001-06-01,5109.0
JTSHIL,2001-07-01,5244.0
JTSHIL,2001-08-01,5223.0
JTSHIL,2001-09-01,4954.0
JTSHIL,2001-10-01,5078.0
JTSHIL,2001-11-01,4914.0
JTSHIL,2001-12-01,4829.0
JTSHIL,2002-01-01,4855.0
JTSHIL,2002-02-01,4801.0
JTSHIL,2002-03-01,4706.0
JTSHIL,2002-04-01,4928.0
JTSHIL,2002-05-01,4857.0
JTSHIL,2002-06-01,4869.0
JTSHIL,2002-07-01,4946.0
JTSHIL,2002-08-01,4871.0
JTSHIL,2002-09-01,4879.0
JTSHIL,2002-10-01,4798.0
JTSHIL,2002-11-01,4792.0
JTSHIL,2002-12-01,4893.0
JTSHIL,2003-01-01,5058.0
JTSHIL,2003-02-01,4714.0
JTSHIL,2003-03-01,4470.0
JTSHIL,2003-04-01,4600.0
JTSHIL,2003-05-01,4678.0
JTSHIL,2003-06-01,4682.0
JTSHIL,2003-07-01,4639.0
JTSHIL,2003-08-01,4666.0
JTSHIL,2003-09-01,4799.0
JTSHIL,2003-10-01,4902.0
JTSHIL,2003-11-01,4767.0
JTSHIL,2003-12-01,4984.0
JTSHIL,2004-01-01,4900.0
JTSHIL,2004-02-01,4788.0
JTSHIL,2004-03-01,5227.0
JTSHIL,2004-04-01,5152.0
JTSHIL,2004-05-01,4976.0
JTSHIL,2004-06-01,5009.0
JTSHIL,2004-07-01,4891.0
JTSHIL,2004-08-01,5013.0
JTSHIL,2004-09-01,5062.0
JTSHIL,2004-10-01,5149.0
JTSHIL,2004-11-01,5181.0
JTSHIL,2004-12-01,5153.0
JTSHIL,2005-01-01,5201.0
JTSHIL,2005-02-01,5276.0
JTSHIL,2005-03-01,5273.0
JTSHIL,2005-04-01,5362.0
JTSHIL,2005-05-01,5271.0
JTSHIL,2005-06-01,5376.0
JTSHIL,2005-07-01,5328.0
JTSHIL,2005-08-01,5409.0
JTSHIL,2005-09-01,5493.0
JTSHIL,2005-10-01,5124.0
JTSHIL,2005-11-01,5344.0
JTSHIL,2005-12-01,5294.0
JTSHIL,2006-01-01,5271.0
JTSHIL,2006-02-01,5474.0
JTSHIL,2006-03-01,5524.0
JTSHIL,2006-04-01,5215.0
JTSHIL,2006-05-01,5498.0
JTSHIL,2006-06-01,5455.0
JTSHIL,2006-07-01,5573.0
JTSHIL,2006-08-01,5373.0
JTSHIL,2006-09-01,5288.0
JTSHIL,2006-10-01,5375.0
JTSHIL,2006-11-01,5495.0
JTSHIL,2006-12-01,5214.0
JTSHIL,2007-01-01,5426.0
JTSHIL,2007-02-01,5160.0
JTSHIL,2007-03-01,5479.0
JTSHIL,2007-04-01,5353.0
JTSHIL,2007-05-01,5469.0
JTSHIL,2007-06-01,5267.0
JTSHIL,2007-07-01,5217.0
JTSHIL,2007-08-01,5358.0
JTSHIL,2007-09-01,5344.0
JTSHIL,2007-10-01,5398.0
JTSHIL,2007-11-01,5176.0
JTSHIL,2007-12-01,5119.0
JTSHIL,2008-01-01,5071.0
JTSHIL,2008-02-01,5077.0
JTSHIL,2008-03-01,4924.0
JTSHIL,2008-04-01,4948.0
JTSHIL,2008-05-01,4691.0
JTSHIL,2008-06-01,4893.0
JTSHIL,2008-07-01,4637.0
JTSHIL,2008-08-01,4682.0
JTSHIL,2008-09-01,4499.0
JTSHIL,2008-10-01,4548.0
JTSHIL,2008-11-01,4104.0
JTSHIL,2008-12-01,4348.0
JTSHIL,2009-01-01,4095.0
JTSHIL,2009-02-01,4061.0
JTSHIL,2009-03-01,3858.0
JTSHIL,2009-04-01,3888.0
JTSHIL,2009-05-01,3758.0
JTSHIL,2009-06-01,3639.0
JTSHIL,2009-07-01,3857.0
JTSHIL,2009-08-01,3810.0
JTSHIL,2009-09-01,3944.0
JTSHIL,2009-10-01,3838.0
JTSHIL,2009-11-01,4024.0
JTSHIL,2009-12-01,4004.0
JTSHIL,2010-01-01,3904.0
JTSHIL,2010-02-01,3864.0
JTSHIL,2010-03-01,4302.0
JTSHIL,2010-04-01,4159.0
JTSHIL,2010-05-01,4420.0
JTSHIL,2010-06-01,4111.0
JTSHIL,2010-07-01,4163.0
JTSHIL,2010-08-01,4046.0
JTSHIL,2010-09-01,4034.0
JTSHIL,2010-10-01,4173.0
JTSHIL,2010-11-01,4182.0
JTSHIL,2010-12-01,4299.0
JTSHIL,2011-01-01,4000.0
JTSHIL,2011-02-01,4231.0
JTSHIL,2011-03-01,4430.0
JTSHIL,2011-04-01,4296.0
JTSHIL,2011-05-01,4261.0
JTSHIL,2011-06-01,4366.0
JTSHIL,2011-07-01,4261.0
JTSHIL,2011-08-01,4298.0
JTSHIL,2011-09-01,4429.0
JTSHIL,2011-10-01,4370.0
JTSHIL,2011-11-01,4365.0
JTSHIL,2011-12-01,4356.0
JTSHIL,2012-01-01,4457.0
JTSHIL,2012-02-01,4560.0
JTSHIL,2012-03-01,4575.0
JTSHIL,2012-04-01,4389.0
JTSHIL,2012-05-01,4533.0
JTSHIL,2012-06-01,4440.0
JTSHIL,2012-07-01,4327.0
JTSHIL,2012-08-01,4450.0
JTSHIL,2012-09-01,4302.0
JTSHIL,2012-10-01,4389.0
JTSHIL,2012-11-01,4489.0
JTSHIL,2012-12-01,4452.0
JTSHIL,2013-01-01,4487.0
JTSHIL,2013-02-01,4571.0
JTSHIL,2013-03-01,4369.0
JTSHIL,2013-04-01,4572.0
JTSHIL,2013-05-01,4663.0
JTSHIL,2013-06-01,4440.0
JTSHIL,2013-07-01,4561.0
JTSHIL,2013-08-01,4730.0
JTSHIL,2013-09-01,4726.0
JTSHIL,2013-10-01,4518.0
JTSHIL,2013-11-01,4622.0
JTSHIL,2013-12-01,4614.0
JTSHIL,2014-01-01,4626.0
JTSHIL,2014-02-01,4696.0
JTSHIL,2014-03-01,4763.0
JTSHIL,2014-04-01,4880.0
JTSHIL,2014-05-01,4808.0
JTSHIL,2014-06-01,4925.0
JTSHIL,2014-07-01,5008.0
JTSHIL,2014-08-01,4810.0
JTSHIL,2014-09-01,5149.0
JTSHIL,2014-10-01,5111.0
JTSHIL,2014-11-01,4978.0
JTSHIL,2014-12-01,5192.0
JTSHIL,2015-01-01,5061.0
JTSHIL,2015-02-01,5127.0
JTSHIL,2015-03-01,5126.0
JTSHIL,2015-04-01,5196.0
JTSHIL,2015-05-01,5142.0
JTSHIL,2015-06-01,5125.0
JTSHIL,2015-07-01,5150.0
JTSHIL,2015-08-01,5163.0
JTSHIL,2015-09-01,5287.0
JTSHIL,2015-10-01,5338.0
JTSHIL,2015-11-01,5358.0
JTSHIL,2015-12-01,5540.0
JTSHIL,2016-01-01,5220.0
JTSHIL,2016-02-01,5470.0
JTSHIL,2016-03-01,5359.0
JTSHIL,2016-04-01,5294.0
JTSHIL,2016-05-01,5197.0
JTSHIL,2016-06-01,5281.0
JTSHIL,2016-07-01,5426.0
JTSHIL,2016-08-01,5327.0
JTSHIL,2016-09-01,5306.0
JTSHIL,2016-10-01,5210.0
JTSHIL,2016-11-01,5308.0
JTSHIL,2016-12-01,5343.0
JTSHIL,2017-01-01,5499.0
JTSHIL,2017-02-01,5350.0
JTSHIL,2017-03-01,5395.0
JTSHIL,2017-04-01,5272.0
JTSHIL,2017-05-01,5477.0
JTSHIL,2017-06-01,5635.0
JTSHIL,2017-07-01,5497.0
JTSHIL,2017-08-01,5519.0
JTSHIL,2017-09-01,5450.0
JTSHIL,2017-10-01,5581.0
JTSHIL,2017-11-01,5494.0
JTSHIL,2017-12-01,5421.0
JTSHIL,2018-01-01,5512.0
JTSHIL,2018-02-01,5624.0
JTSHIL,2018-03-01,5623.0
JTSHIL,2018-04-01,5590.0
JTSHIL,2018-05-01,5859.0
JTSHIL,2018-06-01,5760.0
JTSHIL,2018-07-01,5649.0
JTSHIL,2018-08-01,5815.0
JTSHIL,2018-09-01,5625.0
JTSHIL,2018-10-01,5907.0
JTSHIL,2018-11-01,5826.0
JTSHIL,2018-12-01,5768.0
JTSHIL,2019-01-01,5786.0
JTSHIL,2019-02-01,5704.0
JTSHIL,2019-03-01,5689.0
JTSHIL,2019-04-01,6016.0
JTSHIL,2019-05-01,5686.0
JTSHIL,2019-06-01,5801.0
JTSHIL,2019-07-01,5871.0
JTSHIL,2019-08-01,5900.0
JTSHIL,2019-09-01,5963.0
JTSHIL,2019-10-01,5781.0
JTSHIL,2019-11-01,5847.0
JTSHIL,2019-12-01,5951.0
JTSHIL,2020-01-01,5981.0
JTSHIL,2020-02-01,5990.0
JTSHIL,2020-03-01,5171.0
JTSHIL,2020-04-01,4029.0
JTSHIL,2020-05-01,8133.0
JTSHIL,2020-06-01,7477.0
JTSHIL,2020-07-01,6320.0
JTSHIL,2020-08-01,6004.0
JTSHIL,2020-09-01,5966.0
JTSHIL,2020-10-01,6091.0
JTSHIL,2020-11-01,5894.0
JTSHIL,2020-12-01,5577.0
JTSHIL,2021-01-01,5594.0
JTSHIL,2021-02-01,5772.0
JTSHIL,2021-03-01,6148.0
JTSHIL,2021-04-01,6216.0
JTSHIL,2021-05-01,6013.0
JTSHIL,2021-06-01,6606.0
JTSHIL,2021-07-01,6732.0
JTSHIL,2021-08-01,6390.0
JTSHIL,2021-09-01,6653.0
JTSHIL,2021-10-01,6652.0
JTSHIL,2021-11-01,6811.0
JTSHIL,2021-12-01,6596.0
JTSHIL,2022-01-01,6400.0
JTSHIL,2022-02-01,6806.0
JTSHIL,2022-03-01,6607.0
JTSHIL,2022-04-01,6614.0
JTSHIL,2022-05-01,6461.0
JTSHIL,2022-06-01,6510.0
JTSHIL,2022-07-01,6470.0
JTSHIL,2022-08-01,6443.0
JTSHIL,2022-09-01,6206.0
JTSHIL,2022-10-01,6104.0
JTSHIL,2022-11-01,6134.0
JTSHIL,2022-12-01,6113.0
JTSHIL,2023-01-01,6347.0
JTSHIL,2023-02-01,6020.0
JTSHIL,2023-03-01,5932.0
JTSHIL,2023-04-01,5954.0
JTSHIL,2023-05-01,6128.0
JTSHIL,2023-06-01,5930.0
JTSHIL,2023-07-01,5646.0
JTSHIL,2023-08-01,5824.0
JTSHIL,2023-09-01,5772.0
JTSHIL,2023-10-01,5700.0
JTSHIL,2023-11-01,5501.0
JTSHIL,2023-12-01,5614.0
JTSHIL,2024-01-01,5572.0
JTSHIL,2024-02-01,5664.0
JTSHIL,2024-03-01,5472.0
JTSHIL,2024-04-01,5584.0
JTSHIL,2024-05-01,5573.0
JTSHIL,2024-06-01,5088.0
JTSHIL,2024-07-01,5451.0
JTSHIL,2024-08-01,5230.0
JTSHIL,2024-09-01,5519.0
JTSHIL,2024-10-01,5350.0
JTSHIL,2024-11-01,5307.0
JTSHIL,2024-12-01,5374.0
JTSHIL,2025-01-01,5371.0
JTSHIL,2025-02-01,5370.0
JTSHIL,2025-03-01,5404.0
JTSHIL,2025-04-01,5615.0
JTSHIL,2025-05-01,5465.0
JTSHIL,2025-06-01,5267.0
JTSHIL,2025-07-01,5308.0
JTSJOL,2000-12-01,5088.0
JTSJOL,2001-01-01,5234.0
JTSJOL,2001-02-01,5097.0
JTSJOL,2001-03-01,4762.0
JTSJOL,2001-04-01,4615.0
JTSJOL,2001-05-01,4425.0
JTSJOL,2001-06-01,4361.0
JTSJOL,2001-07-01,4447.0
JTSJOL,2001-08-01,4024.0
JTSJOL,2001-09-01,4071.0
JTSJOL,2001-10-01,3707.0
JTSJOL,2001-11-01,3775.0
JTSJOL,2001-12-01,3677.0
JTSJOL,2002-01-01,3699.0
JTSJOL,2002-02-01,3436.0
JTSJOL,2002-03-01,3612.0
JTSJOL,2002-04-01,3471.0
JTSJOL,2002-05-01,3457.0
JTSJOL,2002-06-01,3412.0
JTSJOL,2002-07-01,3367.0
JTSJOL,2002-08-01,3517.0
JTSJOL,2002-09-01,3301.0
JTSJOL,2002-10-01,3479.0
JTSJOL,2002-11-01,3514.0
JTSJOL,2002-12-01,3169.0
JTSJOL,2003-01-01,3441.0
JTSJOL,2003-02-01,3229.0
JTSJOL,2003-03-01,3099.0
JTSJOL,2003-04-01,3108.0
JTSJOL,2003-05-01,3289.0
JTSJOL,2003-06-01,3390.0
JTSJOL,2003-07-01,2981.0
JTSJOL,2003-08-01,3190.0
JTSJOL,2003-09-01,3091.0
JTSJOL,2003-10-01,3305.0
JTSJOL,2003-11-01,3324.0
JTSJOL,2003-12-01,3414.0
JTSJOL,2004-01-01,3424.0
JTSJOL,2004-02-01,3532.0
JTSJOL,2004-03-01,3525.0
JTSJOL,2004-04-01,3511.0
JTSJOL,2004-05-01,3710.0
JTSJOL,2004-06-01,3337.0
JTSJOL,2004-07-01,3814.0
JTSJOL,2004-08-01,3541.0
JTSJOL,2004-09-01,3821.0
JTSJOL,2004-10-01,3943.0
JTSJOL,2004-11-01,3472.0
JTSJOL,2004-12-01,4074.0
JTSJOL,2005-01-01,3804.0
JTSJOL,2005-02-01,3965.0
JTSJOL,2005-03-01,4044.0
JTSJOL,2005-04-01,4159.0
JTSJOL,2005-05-01,3797.0
JTSJOL,2005-06-01,4062.0
JTSJOL,2005-07-01,4256.0
JTSJOL,2005-08-01,4142.0
JTSJOL,2005-09-01,4352.0
JTSJOL,2005-10-01,4184.0
JTSJOL,2005-11-01,4248.0
JTSJOL,2005-12-01,4282.0
JTSJOL,2006-01-01,4397.0
JTSJOL,2006-02-01,4325.0
JTSJOL,2006-03-01,4732.0
JTSJOL,2006-04-01,4790.0
JTSJOL,2006-05-01,4463.0
JTSJOL,2006-06-01,4614.0
JTSJOL,2006-07-01,4394.0
JTSJOL,2006-08-01,4710.0
JTSJOL,2006-09-01,4737.0
JTSJOL,2006-10-01,4591.0
JTSJOL,2006-11-01,4645.0
JTSJOL,2006-12-01,4620.0
JTSJOL,2007-01-01,4763.0
JTSJOL,2007-02-01,4699.0
JTSJOL,2007-03-01,4962.0
JTSJOL,2007-04-01,4689.0
JTSJOL,2007-05-01,4657.0
JTSJOL,2007-06-01,4859.0
JTSJOL,2007-07-01,4598.0
JTSJOL,2007-08-01,4546.0
JTSJOL,2007-09-01,4652.0
JTSJOL,2007-10-01,4636.0
JTSJOL,2007-11-01,4646.0
JTSJOL,2007-12-01,4545.0
JTSJOL,2008-01-01,4624.0
JTSJOL,2008-02-01,4279.0
JTSJOL,2008-03-01,4225.0
JTSJOL,2008-04-01,4035.0
JTSJOL,2008-05-01,4194.0
JTSJOL,2008-06-01,3830.0
JTSJOL,2008-07-01,3749.0
JTSJOL,2008-08-01,3674.0
JTSJOL,2008-09-01,3222.0
JTSJOL,2008-10-01,3377.0
JTSJOL,2008-11-01,3231.0
JTSJOL,2008-12-01,3146.0
JTSJOL,2009-01-01,2738.0
JTSJOL,2009-02-01,2864.0
JTSJOL,2009-03-01,2534.0
JTSJOL,2009-04-01,2295.0
JTSJOL,2009-05-01,2549.0
JTSJOL,2009-06-01,2503.0
JTSJOL,2009-07-01,2232.0
JTSJOL,2009-08-01,2338.0
JTSJOL,2009-09-01,2487.0
JTSJOL,2009-10-01,2406.0
JTSJOL,2009-11-01,2503.0
JTSJOL,2009-12-01,2568.0
JTSJOL,2010-01-01,2837.0
JTSJOL,2010-02-01,2666.0
JTSJOL,2010-03-01,2679.0
JTSJOL,2010-04-01,3153.0
JTSJOL,2010-05-01,2988.0
JTSJOL,2010-06-01,2801.0
JTSJOL,2010-07-01,3082.0
JTSJOL,2010-08-01,2999.0
JTSJOL,2010-09-01,2918.0
JTSJOL,2010-10-01,3235.0
JTSJOL,2010-11-01,3211.0
JTSJOL,2010-12-01,3058.0
JTSJOL,2011-01-01,3104.0
JTSJOL,2011-02-01,3226.0
JTSJOL,2011-03-01,3261.0
JTSJOL,2011-04-01,3259.0
JTSJOL,2011-05-01,3179.0
JTSJOL,2011-06-01,3455.0
JTSJOL,2011-07-01,3623.0
JTSJOL,2011-08-01,3329.0
JTSJOL,2011-09-01,3774.0
JTSJOL,2011-10-01,3619.0
JTSJOL,2011-11-01,3565.0
JTSJOL,2011-12-01,3768.0
JTSJOL,2012-01-01,3909.0
JTSJOL,2012-02-01,3616.0
JTSJOL,2012-03-01,3979.0
JTSJOL,2012-04-01,3793.0
JTSJOL,2012-05-01,3835.0
JTSJOL,2012-06-01,3911.0
JTSJOL,2012-07-01,3735.0
JTSJOL,2012-08-01,3809.0
JTSJOL,2012-09-01,3882.0
JTSJOL,2012-10-01,3775.0
JTSJOL,2012-11-01,3878.0
JTSJOL,2012-12-01,3970.0
JTSJOL,2013-01-01,3923.0
JTSJOL,2013-02-01,4004.0
JTSJOL,2013-03-01,4076.0
JTSJOL,2013-04-01,3988.0
JTSJOL,2013-05-01,4145.0
JTSJOL,2013-06-01,4150.0
JTSJOL,2013-07-01,3885.0
JTSJOL,2013-08-01,4085.0
JTSJOL,2013-09-01,4128.0
JTSJOL,2013-10-01,4222.0
JTSJOL,2013-11-01,4119.0
JTSJOL,2013-12-01,4121.0
JTSJOL,2014-01-01,4127.0
JTSJOL,2014-02-01,4373.0
JTSJOL,2014-03-01,4388.0
JTSJOL,2014-04-01,4566.0
JTSJOL,2014-05-01,4747.0
JTSJOL,2014-06-01,4982.0
JTSJOL,2014-07-01,4846.0
JTSJOL,2014-08-01,5349.0
JTSJOL,2014-09-01,4914.0
JTSJOL,2014-10-01,5012.0
JTSJOL,2014-11-01,4843.0
JTSJOL,2014-12-01,5130.0
JTSJOL,2015-01-01,5344.0
JTSJOL,2015-02-01,5466.0
JTSJOL,2015-03-01,5210.0
JTSJOL,2015-04-01,5598.0
JTSJOL,2015-05-01,5563.0
JTSJOL,2015-06-01,5248.0
JTSJOL,2015-07-01,6056.0
JTSJOL,2015-08-01,5467.0
JTSJOL,2015-09-01,5488.0
JTSJOL,2015-10-01,5773.0
JTSJOL,2015-11-01,5708.0
JTSJOL,2015-12-01,5845.0
JTSJOL,2016-01-01,6012.0
JTSJOL,2016-02-01,5770.0
JTSJOL,2016-03-01,6129.0
JTSJOL,2016-04-01,5803.0
JTSJOL,2016-05-01,5777.0
JTSJOL,2016-06-01,5742.0
JTSJOL,2016-07-01,5962.0
JTSJOL,2016-08-01,5677.0
JTSJOL,2016-09-01,5868.0
JTSJOL,2016-10-01,5591.0
JTSJOL,2016-11-01,5971.0
JTSJOL,2016-12-01,5964.0
JTSJOL,2017-01-01,5617.0
JTSJOL,2017-02-01,5923.0
JTSJOL,2017-03-01,5811.0
JTSJOL,2017-04-01,6091.0
JTSJOL,2017-05-01,5826.0
JTSJOL,2017-06-01,6305.0
JTSJOL,2017-07-01,6238.0
JTSJOL,2017-08-01,6276.0
JTSJOL,2017-09-01,6320.0
JTSJOL,2017-10-01,6408.0
JTSJOL,2017-11-01,6271.0
JTSJOL,2017-12-01,6336.0
JTSJOL,2018-01-01,6621.0
JTSJOL,2018-02-01,6552.0
JTSJOL,2018-03-01,6818.0
JTSJOL,2018-04-01,6877.0
JTSJOL,2018-05-01,7016.0
JTSJOL,2018-06-01,7230.0
JTSJOL,2018-07-01,7190.0
JTSJOL,2018-08-01,7208.0
JTSJOL,2018-09-01,7411.0
JTSJOL,2018-10-01,7304.0
JTSJOL,2018-11-01,7594.0
JTSJOL,2018-12-01,7489.0
JTSJOL,2019-01-01,7502.0
JTSJOL,2019-02-01,7066.0
JTSJOL,2019-03-01,7317.0
JTSJOL,2019-04-01,7272.0
JTSJOL,2019-05-01,7275.0
JTSJOL,2019-06-01,7194.0
JTSJOL,2019-07-01,7042.0
JTSJOL,2019-08-01,7178.0
JTSJOL,2019-09-01,7124.0
JTSJOL,2019-10-01,7289.0
JTSJOL,2019-11-01,6888.0
JTSJOL,2019-12-01,6699.0
JTSJOL,2020-01-01,7124.0
JTSJOL,2020-02-01,6966.0
JTSJOL,2020-03-01,5894.0
JTSJOL,2020-04-01,4606.0
JTSJOL,2020-05-01,5612.0
JTSJOL,2020-06-01,6129.0
JTSJOL,2020-07-01,6530.0
JTSJOL,2020-08-01,6429.0
JTSJOL,2020-09-01,6511.0
JTSJOL,2020-10-01,6798.0
JTSJOL,2020-11-01,6820.0
JTSJOL,2020-12-01,6773.0
JTSJOL,2021-01-01,7204.0
JTSJOL,2021-02-01,7752.0
JTSJOL,2021-03-01,8470.0
JTSJOL,2021-04-01,9356.0
JTSJOL,2021-05-01,9905.0
JTSJOL,2021-06-01,10298.0
JTSJOL,2021-07-01,11049.0
JTSJOL,2021-08-01,10956.0
JTSJOL,2021-09-01,10879.0
JTSJOL,2021-10-01,11341.0
JTSJOL,2021-11-01,11119.0
JTSJOL,2021-12-01,11417.0
JTSJOL,2022-01-01,11238.0
JTSJOL,2022-02-01,11661.0
JTSJOL,2022-03-01,12134.0
JTSJOL,2022-04-01,11881.0
JTSJOL,2022-05-01,11483.0
JTSJOL,2022-06-01,11256.0
JTSJOL,2022-07-01,11610.0
JTSJOL,2022-08-01,10148.0
JTSJOL,2022-09-01,10812.0
JTSJOL,2022-10-01,10488.0
JTSJOL,2022-11-01,10619.0
JTSJOL,2022-12-01,10876.0
JTSJOL,2023-01-01,10393.0
JTSJOL,2023-02-01,9846.0
JTSJOL,2023-03-01,9572.0
JTSJOL,2023-04-01,9992.0
JTSJOL,2023-05-01,9310.0
JTSJOL,2023-06-01,9191.0
JTSJOL,2023-07-01,8606.0
JTSJOL,2023-08-01,9287.0
JTSJOL,2023-09-01,9279.0
JTSJOL,2023-10-01,8550.0
JTSJOL,2023-11-01,8663.0
JTSJOL,2023-12-01,8585.0
JTSJOL,2024-01-01,8468.0
JTSJOL,2024-02-01,8445.0
JTSJOL,2024-03-01,8093.0
JTSJOL,2024-04-01,7619.0
JTSJOL,2024-05-01,7901.0
JTSJOL,2024-06-01,7412.0
JTSJOL,2024-07-01,7504.0
JTSJOL,2024-08-01,7649.0
JTSJOL,2024-09-01,7103.0
JTSJOL,2024-10-01,7615.0
JTSJOL,2024-11-01,8031.0
JTSJOL,2024-12-01,7508.0
JTSJOL,2025-01-01,7762.0
JTSJOL,2025-02-01,7480.0
JTSJOL,2025-03-01,7200.0
JTSJOL,2025-04-01,7395.0
JTSJOL,2025-05-01,7712.0
JTSJOL,2025-06-01,7357.0
JTSJOL,2025-07-01,7181.0
JTSQUL,2000-12-01,2882.0
JTSQUL,2001-01-01,3245.0
JTSQUL,2001-02-01,3053.0
JTSQUL,2001-03-01,3054.0
JTSQUL,2001-04-01,3163.0
JTSQUL,2001-05-01,2993.0
JTSQUL,2001-06-01,2878.0
JTSQUL,2001-07-01,2947.0
JTSQUL,2001-08-01,2928.0
JTSQUL,2001-09-01,2703.0
JTSQUL,2001-10-01,2795.0
JTSQUL,2001-11-01,2560.0
JTSQUL,2001-12-01,2559.0
JTSQUL,2002-01-01,2845.0
JTSQUL,2002-02-01,2572.0
JTSQUL,2002-03-01,2493.0
JTSQUL,2002-04-01,2624.0
JTSQUL,2002-05-01,2537.0
JTSQUL,2002-06-01,2522.0
JTSQUL,2002-07-01,2561.0
JTSQUL,2002-08-01,2561.0
JTSQUL,2002-09-01,2521.0
JTSQUL,2002-10-01,2423.0
JTSQUL,2002-11-01,2403.0
JTSQUL,2002-12-01,2501.0
JTSQUL,2003-01-01,2429.0
JTSQUL,2003-02-01,2490.0
JTSQUL,2003-03-01,2394.0
JTSQUL,2003-04-01,2279.0
JTSQUL,2003-05-01,2291.0
JTSQUL,2003-06-01,2315.0
JTSQUL,2003-07-01,2271.0
JTSQUL,2003-08-01,2195.0
JTSQUL,2003-09-01,2354.0
JTSQUL,2003-10-01,2415.0
JTSQUL,2003-11-01,2411.0
JTSQUL,2003-12-01,2444.0
JTSQUL,2004-01-01,2354.0
JTSQUL,2004-02-01,2448.0
JTSQUL,2004-03-01,2582.0
JTSQUL,2004-04-01,2534.0
JTSQUL,2004-05-01,2428.0
JTSQUL,2004-06-01,2659.0
JTSQUL,2004-07-01,2609.0
JTSQUL,2004-08-01,2586.0
JTSQUL,2004-09-01,2531.0
JTSQUL,2004-10-01,2550.0
JTSQUL,2004-11-01,2789.0
JTSQUL,2004-12-01,2695.0
JTSQUL,2005-01-01,2732.0
JTSQUL,2005-02-01,2651.0
JTSQUL,2005-03-01,2747.0
JTSQUL,2005-04-01,2741.0
JTSQUL,2005-05-01,2763.0
JTSQUL,2005-06-01,2754.0
JTSQUL,2005-07-01,2735.0
JTSQUL,2005-08-01,2957.0
JTSQUL,2005-09-01,3046.0
JTSQUL,2005-10-01,2863.0
JTSQUL,2005-11-01,2895.0
JTSQUL,2005-12-01,2849.0
JTSQUL,2006-01-01,2945.0
JTSQUL,2006-02-01,2965.0
JTSQUL,2006-03-01,2956.0
JTSQUL,2006-04-01,2778.0
JTSQUL,2006-05-01,3002.0
JTSQUL,2006-06-01,3042.0
JTSQUL,2006-07-01,3047.0
JTSQUL,2006-08-01,3056.0
JTSQUL,2006-09-01,2888.0
JTSQUL,2006-10-01,2983.0
JTSQUL,2006-11-01,3043.0
JTSQUL,2006-12-01,2999.0
JTSQUL,2007-01-01,2956.0
JTSQUL,2007-02-01,2933.0
JTSQUL,2007-03-01,2997.0
JTSQUL,2007-04-01,2911.0
JTSQUL,2007-05-01,3010.0
JTSQUL,2007-06-01,2910.0
JTSQUL,2007-07-01,2951.0
JTSQUL,2007-08-01,3014.0
JTSQUL,2007-09-01,2691.0
JTSQUL,2007-10-01,2926.0
JTSQUL,2007-11-01,2784.0
JTSQUL,2007-12-01,2773.0
JTSQUL,2008-01-01,2847.0
JTSQUL,2008-02-01,2881.0
JTSQUL,2008-03-01,2661.0
JTSQUL,2008-04-01,2837.0
JTSQUL,2008-05-01,2607.0
JTSQUL,2008-06-01,2595.0
JTSQUL,2008-07-01,2489.0
JTSQUL,2008-08-01,2445.0
JTSQUL,2008-09-01,2468.0
JTSQUL,2008-10-01,2347.0
JTSQUL,2008-11-01,2157.0
JTSQUL,2008-12-01,2084.0
JTSQUL,2009-01-01,1976.0
JTSQUL,2009-02-01,1952.0
JTSQUL,2009-03-01,1834.0
JTSQUL,2009-04-01,1712.0
JTSQUL,2009-05-01,1683.0
JTSQUL,2009-06-01,1685.0
JTSQUL,2009-07-01,1685.0
JTSQUL,2009-08-01,1555.0
JTSQUL,2009-09-01,1627.0
JTSQUL,2009-10-01,1660.0
JTSQUL,2009-11-01,1810.0
JTSQUL,2009-12-01,1766.0
JTSQUL,2010-01-01,1742.0
JTSQUL,2010-02-01,1844.0
JTSQUL,2010-03-01,1856.0
JTSQUL,2010-04-01,1897.0
JTSQUL,2010-05-01,1813.0
JTSQUL,2010-06-01,1911.0
JTSQUL,2010-07-01,1785.0
JTSQUL,2010-08-01,1842.0
JTSQUL,2010-09-01,1895.0
JTSQUL,2010-10-01,1846.0
JTSQUL,2010-11-01,1887.0
JTSQUL,2010-12-01,1977.0
JTSQUL,2011-01-01,1832.0
JTSQUL,2011-02-01,1958.0
JTSQUL,2011-03-01,2033.0
JTSQUL,2011-04-01,1882.0
JTSQUL,2011-05-01,1965.0
JTSQUL,2011-06-01,1923.0
JTSQUL,2011-07-01,1986.0
JTSQUL,2011-08-01,2031.0
JTSQUL,2011-09-01,2041.0
JTSQUL,2011-10-01,1997.0
JTSQUL,2011-11-01,2039.0
JTSQUL,2011-12-01,1981.0
JTSQUL,2012-01-01,2030.0
JTSQUL,2012-02-01,2130.0
JTSQUL,2012-03-01,2167.0
JTSQUL,2012-04-01,2134.0
JTSQUL,2012-05-01,2138.0
JTSQUL,2012-06-01,2152.0
JTSQUL,2012-07-01,2072.0
JTSQUL,2012-08-01,2069.0
JTSQUL,2012-09-01,1950.0
JTSQUL,2012-10-01,2035.0
JTSQUL,2012-11-01,2078.0
JTSQUL,2012-12-01,2051.0
JTSQUL,2013-01-01,2280.0
JTSQUL,2013-02-01,2298.0
JTSQUL,2013-03-01,2124.0
JTSQUL,2013-04-01,2296.0
JTSQUL,2013-05-01,2234.0
JTSQUL,2013-06-01,2203.0
JTSQUL,2013-07-01,2363.0
JTSQUL,2013-08-01,2316.0
JTSQUL,2013-09-01,2302.0
JTSQUL,2013-10-01,2372.0
JTSQUL,2013-11-01,2391.0
JTSQUL,2013-12-01,2287.0
JTSQUL,2014-01-01,2311.0
JTSQUL,2014-02-01,2411.0
JTSQUL,2014-03-01,2449.0
JTSQUL,2014-04-01,2474.0
JTSQUL,2014-05-01,2483.0
JTSQUL,2014-06-01,2507.0
JTSQUL,2014-07-01,2633.0
JTSQUL,2014-08-01,2549.0
JTSQUL,2014-09-01,2732.0
JTSQUL,2014-10-01,2718.0
JTSQUL,2014-11-01,2600.0
JTSQUL,2014-12-01,2552.0
JTSQUL,2015-01-01,2764.0
JTSQUL,2015-02-01,2741.0
JTSQUL,2015-03-01,2754.0
JTSQUL,2015-04-01,2705.0
JTSQUL,2015-05-01,2743.0
JTSQUL,2015-06-01,2756.0
JTSQUL,2015-07-01,2764.0
JTSQUL,2015-08-01,2879.0
JTSQUL,2015-09-01,2778.0
JTSQUL,2015-10-01,2810.0
JTSQUL,2015-11-01,2897.0
JTSQUL,2015-12-01,3056.0
JTSQUL,2016-01-01,2875.0
JTSQUL,2016-02-01,2994.0
JTSQUL,2016-03-01,2917.0
JTSQUL,2016-04-01,2955.0
JTSQUL,2016-05-01,3009.0
JTSQUL,2016-06-01,3018.0
JTSQUL,2016-07-01,2967.0
JTSQUL,2016-08-01,2998.0
JTSQUL,2016-09-01,3047.0
JTSQUL,2016-10-01,3074.0
JTSQUL,2016-11-01,3026.0
JTSQUL,2016-12-01,2989.0
JTSQUL,2017-01-01,3188.0
JTSQUL,2017-02-01,3089.0
JTSQUL,2017-03-01,3150.0
JTSQUL,2017-04-01,3028.0
JTSQUL,2017-05-01,3111.0
JTSQUL,2017-06-01,3154.0
JTSQUL,2017-07-01,3097.0
JTSQUL,2017-08-01,3103.0
JTSQUL,2017-09-01,3190.0
JTSQUL,2017-10-01,3219.0
JTSQUL,2017-11-01,3186.0
JTSQUL,2017-12-01,3222.0
JTSQUL,2018-01-01,3019.0
JTSQUL,2018-02-01,3222.0
JTSQUL,2018-03-01,3323.0
JTSQUL,2018-04-01,3370.0
JTSQUL,2018-05-01,3382.0
JTSQUL,2018-06-01,3382.0
JTSQUL,2018-07-01,3426.0
JTSQUL,2018-08-01,3423.0
JTSQUL,2018-09-01,3391.0
JTSQUL,2018-10-01,3458.0
JTSQUL,2018-11-01,3511.0
JTSQUL,2018-12-01,3407.0
JTSQUL,2019-01-01,3517.0
JTSQUL,2019-02-01,3547.0
JTSQUL,2019-03-01,3529.0
JTSQUL,2019-04-01,3501.0
JTSQUL,2019-05-01,3472.0
JTSQUL,2019-06-01,3474.0
JTSQUL,2019-07-01,3654.0
JTSQUL,2019-08-01,3540.0
JTSQUL,2019-09-01,3447.0
JTSQUL,2019-10-01,3452.0
JTSQUL,2019-11-01,3541.0
JTSQUL,2019-12-01,3487.0
JTSQUL,2020-01-01,3563.0
JTSQUL,2020-02-01,3497.0
JTSQUL,2020-03-01,2933.0
JTSQUL,2020-04-01,1991.0
JTSQUL,2020-05-01,2259.0
JTSQUL,2020-06-01,2594.0
JTSQUL,2020-07-01,3020.0
JTSQUL,2020-08-01,2931.0
JTSQUL,2020-09-01,3185.0
JTSQUL,2020-10-01,3311.0
JTSQUL,2020-11-01,3209.0
JTSQUL,2020-12-01,3369.0
JTSQUL,2021-01-01,3285.0
JTSQUL,2021-02-01,3429.0
JTSQUL,2021-03-01,3661.0
JTSQUL,2021-04-01,3909.0
JTSQUL,2021-05-01,3836.0
JTSQUL,2021-06-01,3985.0
JTSQUL,2021-07-01,4031.0
JTSQUL,2021-08-01,4122.0
JTSQUL,2021-09-01,4320.0
JTSQUL,2021-10-01,4131.0
JTSQUL,2021-11-01,4491.0
JTSQUL,2021-12-01,4387.0
JTSQUL,2022-01-01,4404.0
JTSQUL,2022-02-01,4321.0
JTSQUL,2022-03-01,4499.0
JTSQUL,2022-04-01,4457.0
JTSQUL,2022-05-01,4259.0
JTSQUL,2022-06-01,4139.0
JTSQUL,2022-07-01,4005.0
JTSQUL,2022-08-01,4200.0
JTSQUL,2022-09-01,4111.0
JTSQUL,2022-10-01,3945.0
JTSQUL,2022-11-01,4080.0
JTSQUL,2022-12-01,4173.0
JTSQUL,2023-01-01,3833.0
JTSQUL,2023-02-01,3926.0
JTSQUL,2023-03-01,3820.0
JTSQUL,2023-04-01,3619.0
JTSQUL,2023-05-01,4013.0
JTSQUL,2023-06-01,3689.0
JTSQUL,2023-07-01,3562.0
JTSQUL,2023-08-01,3618.0
JTSQUL,2023-09-01,3638.0
JTSQUL,2023-10-01,3558.0
JTSQUL,2023-11-01,3549.0
JTSQUL,2023-12-01,3370.0
JTSQUL,2024-01-01,3353.0
JTSQUL,2024-02-01,3468.0
JTSQUL,2024-03-01,3329.0
JTSQUL,2024-04-01,3414.0
JTSQUL,2024-05-01,3355.0
JTSQUL,2024-06-01,3284.0
JTSQUL,2024-07-01,3390.0
JTSQUL,2024-08-01,3177.0
JTSQUL,2024-09-01,3085.0
JTSQUL,2024-10-01,3217.0
JTSQUL,2024-11-01,3032.0
JTSQUL,2024-12-01,3095.0
JTSQUL,2025-01-01,3256.0
JTSQUL,2025-02-01,3250.0
JTSQUL,2025-03-01,3344.0
JTSQUL,2025-04-01,3215.0
JTSQUL,2025-05-01,3270.0
JTSQUL,2025-06-01,3209.0
JTSQUL,2025-07-01,3208.0
UNRATE,1948-01-01,3.4
UNRATE,1948-02-01,3.8
UNRATE,1948-03-01,4.0
UNRATE,1948-04-01,3.9
UNRATE,1948-05-01,3.5
UNRATE,1948-06-01,3.6
UNRATE,1948-07-01,3.6
UNRATE,1948-08-01,3.9
UNRATE,1948-09-01,3.8
UNRATE,1948-10-01,3.7
UNRATE,1948-11-01,3.8
UNRATE,1948-12-01,4.0
UNRATE,1949-01-01,4.3
UNRATE,1949-02-01,4.7
UNRATE,1949-03-01,5.0
UNRATE,1949-04-01,5.3
UNRATE,1949-05-01,6.1
UNRATE,1949-06-01,6.2
UNRATE,1949-07-01,6.7
UNRATE,1949-08-01,6.8
UNRATE,1949-09-01,6.6
UNRATE,1949-10-01,7.9
UNRATE,1949-11-01,6.4
UNRATE,1949-12-01,6.6
UNRATE,1950-01-01,6.5
UNRATE,1950-02-01,6.4
UNRATE,1950-03-01,6.3
UNRATE,1950-04-01,5.8
UNRATE,1950-05-01,5.5
UNRATE,1950-06-01,5.4
UNRATE,1950-07-01,5.0
UNRATE,1950-08-01,4.5
UNRATE,1950-09-01,4.4
UNRATE,1950-10-01,4.2
UNRATE,1950-11-01,4.2
UNRATE,1950-12-01,4.3
UNRATE,1951-01-01,3.7
UNRATE,1951-02-01,3.4
UNRATE,1951-03-01,3.4
UNRATE,1951-04-01,3.1
UNRATE,1951-05-01,3.0
UNRATE,1951-06-01,3.2
UNRATE,1951-07-01,3.1
UNRATE,1951-08-01,3.1
UNRATE,1951-09-01,3.3
UNRATE,1951-10-01,3.5
UNRATE,1951-11-01,3.5
UNRATE,1951-12-01,3.1
UNRATE,1952-01-01,3.2
UNRATE,1952-02-01,3.1
UNRATE,1952-03-01,2.9
UNRATE,1952-04-01,2.9
UNRATE,1952-05-01,3.0
UNRATE,1952-06-01,3.0
UNRATE,1952-07-01,3.2
UNRATE,1952-08-01,3.4
UNRATE,1952-09-01,3.1
UNRATE,1952-10-01,3.0
UNRATE,1952-11-01,2.8
UNRATE,1952-12-01,2.7
UNRATE,1953-01-01,2.9
UNRATE,1953-02-01,2.6
UNRATE,1953-03-01,2.6
UNRATE,1953-04-01,2.7
UNRATE,1953-05-01,2.5
UNRATE,1953-06-01,2.5
UNRATE,1953-07-01,2.6
UNRATE,1953-08-01,2.7
UNRATE,1953-09-01,2.9
UNRATE,1953-10-01,3.1
UNRATE,1953-11-01,3.5
UNRATE,1953-12-01,4.5
UNRATE,1954-01-01,4.9
UNRATE,1954-02-01,5.2
UNRATE,1954-03-01,5.7
UNRATE,1954-04-01,5.9
UNRATE,1954-05-01,5.9
UNRATE,1954-06-01,5.6
UNRATE,1954-07-01,5.8
UNRATE,1954-08-01,6.0
UNRATE,1954-09-01,6.1
UNRATE,1954-10-01,5.7
UNRATE,1954-11-01,5.3
UNRATE,1954-12-01,5.0
UNRATE,1955-01-01,4.9
UNRATE,1955-02-01,4.7
UNRATE,1955-03-01,4.6
UNRATE,1955-04-01,4.7
UNRATE,1955-05-01,4.3
UNRATE,1955-06-01,4.2
UNRATE,1955-07-01,4.0
UNRATE,1955-08-01,4.2
UNRATE,1955-09-01,4.1
UNRATE,1955-10-01,4.3
UNRATE,1955-11-01,4.2
UNRATE,1955-12-01,4.2
UNRATE,1956-01-01,4.0
UNRATE,1956-02-01,3.9
UNRATE,1956-03-01,4.2
UNRATE,1956-04-01,4.0
UNRATE,1956-05-01,4.3
UNRATE,1956-06-01,4.3
UNRATE,1956-07-01,4.4
UNRATE,1956-08-01,4.1
UNRATE,1956-09-01,3.9
UNRATE,1956-10-01,3.9
UNRATE,1956-11-01,4.3
UNRATE,1956-12-01,4.2
UNRATE,1957-01-01,4.2
UNRATE,1957-02-01,3.9
UNRATE,1957-03-01,3.7
UNRATE,1957-04-01,3.9
UNRATE,1957-05-01,4.1
UNRATE,1957-06-01,4.3
UNRATE,1957-07-01,4.2
UNRATE,1957-08-01,4.1
UNRATE,1957-09-01,4.4
UNRATE,1957-10-01,4.5
UNRATE,1957-11-01,5.1
UNRATE,1957-12-01,5.2
UNRATE,1958-01-01,5.8
UNRATE,1958-02-01,6.4
UNRATE,1958-03-01,6.7
UNRATE,1958-04-01,7.4
UNRATE,1958-05-01,7.4
UNRATE,1958-06-01,7.3
UNRATE,1958-07-01,7.5
UNRATE,1958-08-01,7.4
UNRATE,1958-09-01,7.1
UNRATE,1958-10-01,6.7
UNRATE,1958-11-01,6.2
UNRATE,1958-12-01,6.2
UNRATE,1959-01-01,6.0
UNRATE,1959-02-01,5.9
UNRATE,1959-03-01,5.6
UNRATE,1959-04-01,5.2
UNRATE,1959-05-01,5.1
UNRATE,1959-06-01,5.0
UNRATE,1959-07-01,5.1
UNRATE,1959-08-01,5.2
UNRATE,1959-09-01,5.5
UNRATE,1959-10-01,5.7
UNRATE,1959-11-01,5.8
UNRATE,1959-12-01,5.3
UNRATE,1960-01-01,5.2
UNRATE,1960-02-01,4.8
UNRATE,1960-03-01,5.4
UNRATE,1960-04-01,5.2
UNRATE,1960-05-01,5.1
UNRATE,1960-06-01,5.4
UNRATE,1960-07-01,5.5
UNRATE,1960-08-01,5.6
UNRATE,1960-09-01,5.5
UNRATE,1960-10-01,6.1
UNRATE,1960-11-01,6.1
UNRATE,1960-12-01,6.6
UNRATE,1961-01-01,6.6
UNRATE,1961-02-01,6.9
UNRATE,1961-03-01,6.9
UNRATE,1961-04-01,7.0
UNRATE,1961-05-01,7.1
UNRATE,1961-06-01,6.9
UNRATE,1961-07-01,7.0
UNRATE,1961-08-01,6.6
UNRATE,1961-09-01,6.7
UNRATE,1961-10-01,6.5
UNRATE,1961-11-01,6.1
UNRATE,1961-12-01,6.0
UNRATE,1962-01-01,5.8
UNRATE,1962-02-01,5.5
UNRATE,1962-03-01,5.6
UNRATE,1962-04-01,5.6
UNRATE,1962-05-01,5.5
UNRATE,1962-06-01,5.5
UNRATE,1962-07-01,5.4
UNRATE,1962-08-01,5.7
UNRATE,1962-09-01,5.6
UNRATE,1962-10-01,5.4
UNRATE,1962-11-01,5.7
UNRATE,1962-12-01,5.5
UNRATE,1963-01-01,5.7
UNRATE,1963-02-01,5.9
UNRATE,1963-03-01,5.7
UNRATE,1963-04-01,5.7
UNRATE,1963-05-01,5.9
UNRATE,1963-06-01,5.6
UNRATE,1963-07-01,5.6
UNRATE,1963-08-01,5.4
UNRATE,1963-09-01,5.5
UNRATE,1963-10-01,5.5
UNRATE,1963-11-01,5.7
UNRATE,1963-12-01,5.5
UNRATE,1964-01-01,5.6
UNRATE,1964-02-01,5.4
UNRATE,1964-03-01,5.4
UNRATE,1964-04-01,5.3
UNRATE,1964-05-01,5.1
UNRATE,1964-06-01,5.2
UNRATE,1964-07-01,4.9
UNRATE,1964-08-01,5.0
UNRATE,1964-09-01,5.1
UNRATE,1964-10-01,5.1
UNRATE,1964-11-01,4.8
UNRATE,1964-12-01,5.0
UNRATE,1965-01-01,4.9
UNRATE,1965-02-01,5.1
UNRATE,1965-03-01,4.7
UNRATE,1965-04-01,4.8
UNRATE,1965-05-01,4.6
UNRATE,1965-06-01,4.6
UNRATE,1965-07-01,4.4
UNRATE,1965-08-01,4.4
UNRATE,1965-09-01,4.3
UNRATE,1965-10-01,4.2
UNRATE,1965-11-01,4.1
UNRATE,1965-12-01,4.0
UNRATE,1966-01-01,4.0
UNRATE,1966-02-01,3.8
UNRATE,1966-03-01,3.8
UNRATE,1966-04-01,3.8
UNRATE,1966-05-01,3.9
UNRATE,1966-06-01,3.8
UNRATE,1966-07-01,3.8
UNRATE,1966-08-01,3.8
UNRATE,1966-09-01,3.7
UNRATE,1966-10-01,3.7
UNRATE,1966-11-01,3.6
UNRATE,1966-12-01,3.8
UNRATE,1967-01-01,3.9
UNRATE,1967-02-01,3.8
UNRATE,1967-03-01,3.8
UNRATE,1967-04-01,3.8
UNRATE,1967-05-01,3.8
UNRATE,1967-06-01,3.9
UNRATE,1967-07-01,3.8
UNRATE,1967-08-01,3.8
UNRATE,1967-09-01,3.8
UNRATE,1967-10-01,4.0
UNRATE,1967-11-01,3.9
UNRATE,1967-12-01,3.8
UNRATE,1968-01-01,3.7
UNRATE,1968-02-01,3.8
UNRATE,1968-03-01,3.7
UNRATE,1968-04-01,3.5
UNRATE,1968-05-01,3.5
UNRATE,1968-06-01,3.7
UNRATE,1968-07-01,3.7
UNRATE,1968-08-01,3.5
UNRATE,1968-09-01,3.4
UNRATE,1968-10-01,3.4
UNRATE,1968-11-01,3.4
UNRATE,1968-12-01,3.4
UNRATE,1969-01-01,3.4
UNRATE,1969-02-01,3.4
UNRATE,1969-03-01,3.4
UNRATE,1969-04-01,3.4
UNRATE,1969-05-01,3.4
UNRATE,1969-06-01,3.5
UNRATE,1969-07-01,3.5
UNRATE,1969-08-01,3.5
UNRATE,1969-09-01,3.7
UNRATE,1969-10-01,3.7
UNRATE,1969-11-01,3.5
UNRATE,1969-12-01,3.5
UNRATE,1970-01-01,3.9
UNRATE,1970-02-01,4.2
UNRATE,1970-03-01,4.4
UNRATE,1970-04-01,4.6
UNRATE,1970-05-01,4.8
UNRATE,1970-06-01,4.9
UNRATE,1970-07-01,5.0
UNRATE,1970-08-01,5.1
UNRATE,1970-09-01,5.4
UNRATE,1970-10-01,5.5
UNRATE,1970-11-01,5.9
UNRATE,1970-12-01,6.1
UNRATE,1971-01-01,5.9
UNRATE,1971-02-01,5.9
UNRATE,1971-03-01,6.0
UNRATE,1971-04-01,5.9
UNRATE,1971-05-01,5.9
UNRATE,1971-06-01,5.9
UNRATE,1971-07-01,6.0
UNRATE,1971-08-01,6.1
UNRATE,1971-09-01,6.0
UNRATE,1971-10-01,5.8
UNRATE,1971-11-01,6.0
UNRATE,1971-12-01,6.0
UNRATE,1972-01-01,5.8
UNRATE,1972-02-01,5.7
UNRATE,1972-03-01,5.8
UNRATE,1972-04-01,5.7
UNRATE,1972-05-01,5.7
UNRATE,1972-06-01,5.7
UNRATE,1972-07-01,5.6
UNRATE,1972-08-01,5.6
UNRATE,1972-09-01,5.5
UNRATE,1972-10-01,5.6
UNRATE,1972-11-01,5.3
UNRATE,1972-12-01,5.2
UNRATE,1973-01-01,4.9
UNRATE,1973-02-01,5.0
UNRATE,1973-03-01,4.9
UNRATE,1973-04-01,5.0
UNRATE,1973-05-01,4.9
UNRATE,1973-06-01,4.9
UNRATE,1973-07-01,4.8
UNRATE,1973-08-01,4.8
UNRATE,1973-09-01,4.8
UNRATE,1973-10-01,4.6
UNRATE,1973-11-01,4.8
UNRATE,1973-12-01,4.9
UNRATE,1974-01-01,5.1
UNRATE,1974-02-01,5.2
UNRATE,1974-03-01,5.1
UNRATE,1974-04-01,5.1
UNRATE,1974-05-01,5.1
UNRATE,1974-06-01,5.4
UNRATE,1974-07-01,5.5
UNRATE,1974-08-01,5.5
UNRATE,1974-09-01,5.9
UNRATE,1974-10-01,6.0
UNRATE,1974-11-01,6.6
UNRATE,1974-12-01,7.2
UNRATE,1975-01-01,8.1
UNRATE,1975-02-01,8.1
UNRATE,1975-03-01,8.6
UNRATE,1975-04-01,8.8
UNRATE,1975-05-01,9.0
UNRATE,1975-06-01,8.8
UNRATE,1975-07-01,8.6
UNRATE,1975-08-01,8.4
UNRATE,1975-09-01,8.4
UNRATE,1975-10-01,8.4
UNRATE,1975-11-01,8.3
UNRATE,1975-12-01,8.2
UNRATE,1976-01-01,7.9
UNRATE,1976-02-01,7.7
UNRATE,1976-03-01,7.6
UNRATE,1976-04-01,7.7
UNRATE,1976-05-01,7.4
UNRATE,1976-06-01,7.6
UNRATE,1976-07-01,7.8
UNRATE,1976-08-01,7.8
UNRATE,1976-09-01,7.6
UNRATE,1976-10-01,7.7
UNRATE,1976-11-01,7.8
UNRATE,1976-12-01,7.8
UNRATE,1977-01-01,7.5
UNRATE,1977-02-01,7.6
UNRATE,1977-03-01,7.4
UNRATE,1977-04-01,7.2
UNRATE,1977-05-01,7.0
UNRATE,1977-06-01,7.2
UNRATE,1977-07-01,6.9
UNRATE,1977-08-01,7.0
UNRATE,1977-09-01,6.8
UNRATE,1977-10-01,6.8
UNRATE,1977-11-01,6.8
UNRATE,1977-12-01,6.4
UNRATE,1978-01-01,6.4
UNRATE,1978-02-01,6.3
UNRATE,1978-03-01,6.3
UNRATE,1978-04-01,6.1
UNRATE,1978-05-01,6.0
UNRATE,1978-06-01,5.9
UNRATE,1978-07-01,6.2
UNRATE,1978-08-01,5.9
UNRATE,1978-09-01,6.0
UNRATE,1978-10-01,5.8
UNRATE,1978-11-01,5.9
UNRATE,1978-12-01,6.0
UNRATE,1979-01-01,5.9
UNRATE,1979-02-01,5.9
UNRATE,1979-03-01,5.8
UNRATE,1979-04-01,5.8
UNRATE,1979-05-01,5.6
UNRATE,1979-06-01,5.7
UNRATE,1979-07-01,5.7
UNRATE,1979-08-01,6.0
UNRATE,1979-09-01,5.9
UNRATE,1979-10-01,6.0
UNRATE,1979-11-01,5.9
UNRATE,1979-12-01,6.0
UNRATE,1980-01-01,6.3
UNRATE,1980-02-01,6.3
UNRATE,1980-03-01,6.3
UNRATE,1980-04-01,6.9
UNRATE,1980-05-01,7.5
UNRATE,1980-06-01,7.6
UNRATE,1980-07-01,7.8
UNRATE,1980-08-01,7.7
UNRATE,1980-09-01,7.5
UNRATE,1980-10-01,7.5
UNRATE,1980-11-01,7.5
UNRATE,1980-12-01,7.2
UNRATE,1981-01-01,7.5
UNRATE,1981-02-01,7.4
UNRATE,1981-03-01,7.4
UNRATE,1981-04-01,7.2
UNRATE,1981-05-01,7.5
UNRATE,1981-06-01,7.5
UNRATE,1981-07-01,7.2
UNRATE,1981-08-01,7.4
UNRATE,1981-09-01,7.6
UNRATE,1981-10-01,7.9
UNRATE,1981-11-01,8.3
UNRATE,1981-12-01,8.5
UNRATE,1982-01-01,8.6
UNRATE,1982-02-01,8.9
UNRATE,1982-03-01,9.0
UNRATE,1982-04-01,9.3
UNRATE,1982-05-01,9.4
UNRATE,1982-06-01,9.6
UNRATE,1982-07-01,9.8
UNRATE,1982-08-01,9.8
UNRATE,1982-09-01,10.1
UNRATE,1982-10-01,10.4
UNRATE,1982-11-01,10.8
UNRATE,1982-12-01,10.8
UNRATE,1983-01-01,10.4
UNRATE,1983-02-01,10.4
UNRATE,1983-03-01,10.3
UNRATE,1983-04-01,10.2
UNRATE,1983-05-01,10.1
UNRATE,1983-06-01,10.1
UNRATE,1983-07-01,9.4
UNRATE,1983-08-01,9.5
UNRATE,1983-09-01,9.2
UNRATE,1983-10-01,8.8
UNRATE,1983-11-01,8.5
UNRATE,1983-12-01,8.3
UNRATE,1984-01-01,8.0
UNRATE,1984-02-01,7.8
UNRATE,1984-03-01,7.8
UNRATE,1984-04-01,7.7
UNRATE,1984-05-01,7.4
UNRATE,1984-06-01,7.2
UNRATE,1984-07-01,7.5
UNRATE,1984-08-01,7.5
UNRATE,1984-09-01,7.3
UNRATE,1984-10-01,7.4
UNRATE,1984-11-01,7.2
UNRATE,1984-12-01,7.3
UNRATE,1985-01-01,7.3
UNRATE,1985-02-01,7.2
UNRATE,1985-03-01,7.2
UNRATE,1985-04-01,7.3
UNRATE,1985-05-01,7.2
UNRATE,1985-06-01,7.4
UNRATE,1985-07-01,7.4
UNRATE,1985-08-01,7.1
UNRATE,1985-09-01,7.1
UNRATE,1985-10-01,7.1
UNRATE,1985-11-01,7.0
UNRATE,1985-12-01,7.0
UNRATE,1986-01-01,6.7
UNRATE,1986-02-01,7.2
UNRATE,1986-03-01,7.2
UNRATE,1986-04-01,7.1
UNRATE,1986-05-01,7.2
UNRATE,1986-06-01,7.2
UNRATE,1986-07-01,7.0
UNRATE,1986-08-01,6.9
UNRATE,1986-09-01,7.0
UNRATE,1986-10-01,7.0
UNRATE,1986-11-01,6.9
UNRATE,1986-12-01,6.6
UNRATE,1987-01-01,6.6
UNRATE,1987-02-01,6.6
UNRATE,1987-03-01,6.6
UNRATE,1987-04-01,6.3
UNRATE,1987-05-01,6.3
UNRATE,1987-06-01,6.2
UNRATE,1987-07-01,6.1
UNRATE,1987-08-01,6.0
UNRATE,1987-09-01,5.9
UNRATE,1987-10-01,6.0
UNRATE,1987-11-01,5.8
UNRATE,1987-12-01,5.7
UNRATE,1988-01-01,5.7
UNRATE,1988-02-01,5.7
UNRATE,1988-03-01,5.7
UNRATE,1988-04-01,5.4
UNRATE,1988-05-01,5.6
UNRATE,1988-06-01,5.4
UNRATE,1988-07-01,5.4
UNRATE,1988-08-01,5.6
UNRATE,1988-09-01,5.4
UNRATE,1988-10-01,5.4
UNRATE,1988-11-01,5.3
UNRATE,1988-12-01,5.3
UNRATE,1989-01-01,5.4
UNRATE,1989-02-01,5.2
UNRATE,1989-03-01,5.0
UNRATE,1989-04-01,5.2
UNRATE,1989-05-01,5.2
UNRATE,1989-06-01,5.3
UNRATE,1989-07-01,5.2
UNRATE,1989-08-01,5.2
UNRATE,1989-09-01,5.3
UNRATE,1989-10-01,5.3
UNRATE,1989-11-01,5.4
UNRATE,1989-12-01,5.4
UNRATE,1990-01-01,5.4
UNRATE,1990-02-01,5.3
UNRATE,1990-03-01,5.2
UNRATE,1990-04-01,5.4
UNRATE,1990-05-01,5.4
UNRATE,1990-06-01,5.2
UNRATE,1990-07-01,5.5
UNRATE,1990-08-01,5.7
UNRATE,1990-09-01,5.9
UNRATE,1990-10-01,5.9
UNRATE,1990-11-01,6.2
UNRATE,1990-12-01,6.3
UNRATE,1991-01-01,6.4
UNRATE,1991-02-01,6.6
UNRATE,1991-03-01,6.8
UNRATE,1991-04-01,6.7
UNRATE,1991-05-01,6.9
UNRATE,1991-06-01,6.9
UNRATE,1991-07-01,6.8
UNRATE,1991-08-01,6.9
UNRATE,1991-09-01,6.9
UNRATE,1991-10-01,7.0
UNRATE,1991-11-01,7.0
UNRATE,1991-12-01,7.3
UNRATE,1992-01-01,7.3
UNRATE,1992-02-01,7.4
UNRATE,1992-03-01,7.4
UNRATE,1992-04-01,7.4
UNRATE,1992-05-01,7.6
UNRATE,1992-06-01,7.8
UNRATE,1992-07-01,7.7
UNRATE,1992-08-01,7.6
UNRATE,1992-09-01,7.6
UNRATE,1992-10-01,7.3
UNRATE,1992-11-01,7.4
UNRATE,1992-12-01,7.4
UNRATE,1993-01-01,7.3
UNRATE,1993-02-01,7.1
UNRATE,1993-03-01,7.0
UNRATE,1993-04-01,7.1
UNRATE,1993-05-01,7.1
UNRATE,1993-06-01,7.0
UNRATE,1993-07-01,6.9
UNRATE,1993-08-01,6.8
UNRATE,1993-09-01,6.7
UNRATE,1993-10-01,6.8
UNRATE,1993-11-01,6.6
UNRATE,1993-12-01,6.5
UNRATE,1994-01-01,6.6
UNRATE,1994-02-01,6.6
UNRATE,1994-03-01,6.5
UNRATE,1994-04-01,6.4
UNRATE,1994-05-01,6.1
UNRATE,1994-06-01,6.1
UNRATE,1994-07-01,6.1
UNRATE,1994-08-01,6.0
UNRATE,1994-09-01,5.9
UNRATE,1994-10-01,5.8
UNRATE,1994-11-01,5.6
UNRATE,1994-12-01,5.5
UNRATE,1995-01-01,5.6
UNRATE,1995-02-01,5.4
UNRATE,1995-03-01,5.4
UNRATE,1995-04-01,5.8
UNRATE,1995-05-01,5.6
UNRATE,1995-06-01,5.6
UNRATE,1995-07-01,5.7
UNRATE,1995-08-01,5.7
UNRATE,1995-09-01,5.6
UNRATE,1995-10-01,5.5
UNRATE,1995-11-01,5.6
UNRATE,1995-12-01,5.6
UNRATE,1996-01-01,5.6
UNRATE,1996-02-01,5.5
UNRATE,1996-03-01,5.5
UNRATE,1996-04-01,5.6
UNRATE,1996-05-01,5.6
UNRATE,1996-06-01,5.3
UNRATE,1996-07-01,5.5
UNRATE,1996-08-01,5.1
UNRATE,1996-09-01,5.2
UNRATE,1996-10-01,5.2
UNRATE,1996-11-01,5.4
UNRATE,1996-12-01,5.4
UNRATE,1997-01-01,5.3
UNRATE,1997-02-01,5.2
UNRATE,1997-03-01,5.2
UNRATE,1997-04-01,5.1
UNRATE,1997-05-01,4.9
UNRATE,1997-06-01,5.0
UNRATE,1997-07-01,4.9
UNRATE,1997-08-01,4.8
UNRATE,1997-09-01,4.9
UNRATE,1997-10-01,4.7
UNRATE,1997-11-01,4.6
UNRATE,1997-12-01,4.7
UNRATE,1998-01-01,4.6
UNRATE,1998-02-01,4.6
UNRATE,1998-03-01,4.7
UNRATE,1998-04-01,4.3
UNRATE,1998-05-01,4.4
UNRATE,1998-06-01,4.5
UNRATE,1998-07-01,4.5
UNRATE,1998-08-01,4.5
UNRATE,1998-09-01,4.6
UNRATE,1998-10-01,4.5
UNRATE,1998-11-01,4.4
UNRATE,1998-12-01,4.4
UNRATE,1999-01-01,4.3
UNRATE,1999-02-01,4.4
UNRATE,1999-03-01,4.2
UNRATE,1999-04-01,4.3
UNRATE,1999-05-01,4.2
UNRATE,1999-06-01,4.3
UNRATE,1999-07-01,4.3
UNRATE,1999-08-01,4.2
UNRATE,1999-09-01,4.2
UNRATE,1999-10-01,4.1
UNRATE,1999-11-01,4.1
UNRATE,1999-12-01,4.0
UNRATE,2000-01-01,4.0
UNRATE,2000-02-01,4.1
UNRATE,2000-03-01,4.0
UNRATE,2000-04-01,3.8
UNRATE,2000-05-01,4.0
UNRATE,2000-06-01,4.0
UNRATE,2000-07-01,4.0
UNRATE,2000-08-01,4.1
UNRATE,2000-09-01,3.9
UNRATE,2000-10-01,3.9
UNRATE,2000-11-01,3.9
UNRATE,2000-12-01,3.9
UNRATE,2001-01-01,4.2
UNRATE,2001-02-01,4.2
UNRATE,2001-03-01,4.3
UNRATE,2001-04-01,4.4
UNRATE,2001-05-01,4.3
UNRATE,2001-06-01,4.5
UNRATE,2001-07-01,4.6
UNRATE,2001-08-01,4.9
UNRATE,2001-09-01,5.0
UNRATE,2001-10-01,5.3
UNRATE,2001-11-01,5.5
UNRATE,2001-12-01,5.7
UNRATE,2002-01-01,5.7
UNRATE,2002-02-01,5.7
UNRATE,2002-03-01,5.7
UNRATE,2002-04-01,5.9
UNRATE,2002-05-01,5.8
UNRATE,2002-06-01,5.8
UNRATE,2002-07-01,5.8
UNRATE,2002-08-01,5.7
UNRATE,2002-09-01,5.7
UNRATE,2002-10-01,5.7
UNRATE,2002-11-01,5.9
UNRATE,2002-12-01,6.0
UNRATE,2003-01-01,5.8
UNRATE,2003-02-01,5.9
UNRATE,2003-03-01,5.9
UNRATE,2003-04-01,6.0
UNRATE,2003-05-01,6.1
UNRATE,2003-06-01,6.3
UNRATE,2003-07-01,6.2
UNRATE,2003-08-01,6.1
UNRATE,2003-09-01,6.1
UNRATE,2003-10-01,6.0
UNRATE,2003-11-01,5.8
UNRATE,2003-12-01,5.7
UNRATE,2004-01-01,5.7
UNRATE,2004-02-01,5.6
UNRATE,2004-03-01,5.8
UNRATE,2004-04-01,5.6
UNRATE,2004-05-01,5.6
UNRATE,2004-06-01,5.6
UNRATE,2004-07-01,5.5
UNRATE,2004-08-01,5.4
UNRATE,2004-09-01,5.4
UNRATE,2004-10-01,5.5
UNRATE,2004-11-01,5.4
UNRATE,2004-12-01,5.4
UNRATE,2005-01-01,5.3
UNRATE,2005-02-01,5.4
UNRATE,2005-03-01,5.2
UNRATE,2005-04-01,5.2
UNRATE,2005-05-01,5.1
UNRATE,2005-06-01,5.0
UNRATE,2005-07-01,5.0
UNRATE,2005-08-01,4.9
UNRATE,2005-09-01,5.0
UNRATE,2005-10-01,5.0
UNRATE,2005-11-01,5.0
UNRATE,2005-12-01,4.9
UNRATE,2006-01-01,4.7
UNRATE,2006-02-01,4.8
UNRATE,2006-03-01,4.7
UNRATE,2006-04-01,4.7
UNRATE,2006-05-01,4.6
UNRATE,2006-06-01,4.6
UNRATE,2006-07-01,4.7
UNRATE,2006-08-01,4.7
UNRATE,2006-09-01,4.5
UNRATE,2006-10-01,4.4
UNRATE,2006-11-01,4.5
UNRATE,2006-12-01,4.4
UNRATE,2007-01-01,4.6
UNRATE,2007-02-01,4.5
UNRATE,2007-03-01,4.4
UNRATE,2007-04-01,4.5
UNRATE,2007-05-01,4.4
UNRATE,2007-06-01,4.6
UNRATE,2007-07-01,4.7
UNRATE,2007-08-01,4.6
UNRATE,2007-09-01,4.7
UNRATE,2007-10-01,4.7
UNRATE,2007-11-01,4.7
UNRATE,2007-12-01,5.0
UNRATE,2008-01-01,5.0
UNRATE,2008-02-01,4.9
UNRATE,2008-03-01,5.1
UNRATE,2008-04-01,5.0
UNRATE,2008-05-01,5.4
UNRATE,2008-06-01,5.6
UNRATE,2008-07-01,5.8
UNRATE,2008-08-01,6.1
UNRATE,2008-09-01,6.1
UNRATE,2008-10-01,6.5
UNRATE,2008-11-01,6.8
UNRATE,2008-12-01,7.3
UNRATE,2009-01-01,7.8
UNRATE,2009-02-01,8.3
UNRATE,2009-03-01,8.7
UNRATE,2009-04-01,9.0
UNRATE,2009-05-01,9.4
UNRATE,2009-06-01,9.5
UNRATE,2009-07-01,9.5
UNRATE,2009-08-01,9.6
UNRATE,2009-09-01,9.8
UNRATE,2009-10-01,10.0
UNRATE,2009-11-01,9.9
UNRATE,2009-12-01,9.9
UNRATE,2010-01-01,9.8
UNRATE,2010-02-01,9.8
UNRATE,2010-03-01,9.9
UNRATE,2010-04-01,9.9
UNRATE,2010-05-01,9.6
UNRATE,2010-06-01,9.4
UNRATE,2010-07-01,9.4
UNRATE,2010-08-01,9.5
UNRATE,2010-09-01,9.5
UNRATE,2010-10-01,9.4
UNRATE,2010-11-01,9.8
UNRATE,2010-12-01,9.3
UNRATE,2011-01-01,9.1
UNRATE,2011-02-01,9.0
UNRATE,2011-03-01,9.0
UNRATE,2011-04-01,9.1
UNRATE,2011-05-01,9.0
UNRATE,2011-06-01,9.1
UNRATE,2011-07-01,9.0
UNRATE,2011-08-01,9.0
UNRATE,2011-09-01,9.0
UNRATE,2011-10-01,8.8
UNRATE,2011-11-01,8.6
UNRATE,2011-12-01,8.5
UNRATE,2012-01-01,8.3
UNRATE,2012-02-01,8.3
UNRATE,2012-03-01,8.2
UNRATE,2012-04-01,8.2
UNRATE,2012-05-01,8.2
UNRATE,2012-06-01,8.2
UNRATE,2012-07-01,8.2
UNRATE,2012-08-01,8.1
UNRATE,2012-09-01,7.8
UNRATE,2012-10-01,7.8
UNRATE,2012-11-01,7.7
UNRATE,2012-12-01,7.9
UNRATE,2013-01-01,8.0
UNRATE,2013-02-01,7.7
UNRATE,2013-03-01,7.5
UNRATE,2013-04-01,7.6
UNRATE,2013-05-01,7.5
UNRATE,2013-06-01,7.5
UNRATE,2013-07-01,7.3
UNRATE,2013-08-01,7.2
UNRATE,2013-09-01,7.2
UNRATE,2013-10-01,7.2
UNRATE,2013-11-01,6.9
UNRATE,2013-12-01,6.7
UNRATE,2014-01-01,6.6
UNRATE,2014-02-01,6.7
UNRATE,2014-03-01,6.7
UNRATE,2014-04-01,6.2
UNRATE,2014-05-01,6.3
UNRATE,2014-06-01,6.1
UNRATE,2014-07-01,6.2
UNRATE,2014-08-01,6.1
UNRATE,2014-09-01,5.9
UNRATE,2014-10-01,5.7
UNRATE,2014-11-01,5.8
UNRATE,2014-12-01,5.6
UNRATE,2015-01-01,5.7
UNRATE,2015-02-01,5.5
UNRATE,2015-03-01,5.4
UNRATE,2015-04-01,5.4
UNRATE,2015-05-01,5.6
UNRATE,2015-06-01,5.3
UNRATE,2015-07-01,5.2
UNRATE,2015-08-01,5.1
UNRATE,2015-09-01,5.0
UNRATE,2015-10-01,5.0
UNRATE,2015-11-01,5.1
UNRATE,2015-12-01,5.0
UNRATE,2016-01-01,4.8
UNRATE,2016-02-01,4.9
UNRATE,2016-03-01,5.0
UNRATE,2016-04-01,5.1
UNRATE,2016-05-01,4.8
UNRATE,2016-06-01,4.9
UNRATE,2016-07-01,4.8
UNRATE,2016-08-01,4.9
UNRATE,2016-09-01,5.0
UNRATE,2016-10-01,4.9
UNRATE,2016-11-01,4.7
UNRATE,2016-12-01,4.7
UNRATE,2017-01-01,4.7
UNRATE,2017-02-01,4.6
UNRATE,2017-03-01,4.4
UNRATE,2017-04-01,4.4
UNRATE,2017-05-01,4.4
UNRATE,2017-06-01,4.3
UNRATE,2017-07-01,4.3
UNRATE,2017-08-01,4.4
UNRATE,2017-09-01,4.3
UNRATE,2017-10-01,4.2
UNRATE,2017-11-01,4.2
UNRATE,2017-12-01,4.1
UNRATE,2018-01-01,4.0
UNRATE,2018-02-01,4.1
UNRATE,2018-03-01,4.0
UNRATE,2018-04-01,4.0
UNRATE,2018-05-01,3.8
UNRATE,2018-06-01,4.0
UNRATE,2018-07-01,3.8
UNRATE,2018-08-01,3.8
UNRATE,2018-09-01,3.7
UNRATE,2018-10-01,3.8
UNRATE,2018-11-01,3.8
UNRATE,2018-12-01,3.9
UNRATE,2019-01-01,4.0
UNRATE,2019-02-01,3.8
UNRATE,2019-03-01,3.8
UNRATE,2019-04-01,3.7
UNRATE,2019-05-01,3.6
UNRATE,2019-06-01,3.6
UNRATE,2019-07-01,3.7
UNRATE,2019-08-01,3.6
UNRATE,2019-09-01,3.5
UNRATE,2019-10-01,3.6
UNRATE,2019-11-01,3.6
UNRATE,2019-12-01,3.6
UNRATE,2020-01-01,3.6
UNRATE,2020-02-01,3.5
UNRATE,2020-03-01,4.4
UNRATE,2020-04-01,14.8
UNRATE,2020-05-01,13.2
UNRATE,2020-06-01,11.0
UNRATE,2020-07-01,10.2
UNRATE,2020-08-01,8.4
UNRATE,2020-09-01,7.8
UNRATE,2020-10-01,6.9
UNRATE,2020-11-01,6.7
UNRATE,2020-12-01,6.7
UNRATE,2021-01-01,6.4
UNRATE,2021-02-01,6.2
UNRATE,2021-03-01,6.1
UNRATE,2021-04-01,6.1
UNRATE,2021-05-01,5.8
UNRATE,2021-06-01,5.9
UNRATE,2021-07-01,5.4
UNRATE,2021-08-01,5.1
UNRATE,2021-09-01,4.7
UNRATE,2021-10-01,4.5
UNRATE,2021-11-01,4.2
UNRATE,2021-12-01,3.9
UNRATE,2022-01-01,4.0
UNRATE,2022-02-01,3.8
UNRATE,2022-03-01,3.7
UNRATE,2022-04-01,3.7
UNRATE,2022-05-01,3.6
UNRATE,2022-06-01,3.6
UNRATE,2022-07-01,3.5
UNRATE,2022-08-01,3.6
UNRATE,2022-09-01,3.5
UNRATE,2022-10-01,3.6
UNRATE,2022-11-01,3.6
UNRATE,2022-12-01,3.5
UNRATE,2023-01-01,3.5
UNRATE,2023-02-01,3.6
UNRATE,2023-03-01,3.5
UNRATE,2023-04-01,3.4
UNRATE,2023-05-01,3.6
UNRATE,2023-06-01,3.6
UNRATE,2023-07-01,3.5
UNRATE,2023-08-01,3.7
UNRATE,2023-09-01,3.8
UNRATE,2023-10-01,3.9
UNRATE,2023-11-01,3.7
UNRATE,2023-12-01,3.8
UNRATE,2024-01-01,3.7
UNRATE,2024-02-01,3.9
UNRATE,2024-03-01,3.9
UNRATE,2024-04-01,3.9
UNRATE,2024-05-01,4.0
UNRATE,2024-06-01,4.1
UNRATE,2024-07-01,4.2
UNRATE,2024-08-01,4.2
UNRATE,2024-09-01,4.1
UNRATE,2024-10-01,4.1
UNRATE,2024-11-01,4.2
UNRATE,2024-12-01,4.1
UNRATE,2025-01-01,4.0
UNRATE,2025-02-01,4.1
UNRATE,2025-03-01,4.2
UNRATE,2025-04-01,4.2
UNRATE,2025-05-01,4.2
UNRATE,2025-06-01,4.1
UNRATE,2025-07-01,4.2
