date,unemp_rate,job_openings_index,hires_index,quits_index,cpi_index,real_openings_index,yoy_unemp_rate,yoy_job_openings_index
1947-01-01,,,,,8.30530100916367,,,
1947-02-01,,,,,8.359432393767158,,,
1947-03-01,,,,,8.50636043769091,,,
1947-04-01,,,,,8.50636043769091,,,
1947-05-01,,,,,8.487027800332521,,,
1947-06-01,,,,,8.53729265746433,,,
1947-07-01,,,,,8.595290569539497,,,
1947-08-01,,,,,8.661021536558017,,,
1947-09-01,,,,,8.831148745311836,,,
1947-10-01,,,,,8.85821443761358,,,
1947-11-01,,,,,8.916212349688744,,,
1947-12-01,,,,,9.051540811197464,,,
1948-01-01,3.4,,,,9.15593705293276,,,
1948-02-01,3.8,,,,9.152070525461085,,,
1948-03-01,4.0,,,,9.086339558442564,,,
1948-04-01,3.9,,,,9.210068437536249,,,
1948-05-01,3.5,,,,9.283532459498126,,,
1948-06-01,3.6,,,,9.337663844101613,,,
1948-07-01,3.6,,,,9.434327030893554,,,
1948-08-01,3.9,,,,9.445926613308588,,,
1948-09-01,3.8,,,,9.418860921006845,,,
1948-10-01,3.7,,,,9.399528283648454,,,
1948-11-01,3.8,,,,9.34153037157329,,,
1948-12-01,4.0,,,,9.298998569384837,,,
1949-01-01,4.3,,,,9.283532459498126,,26.470588235294112,
1949-02-01,4.7,,,,9.244867184781349,,23.684210526315795,
1949-03-01,5.0,,,,9.244867184781349,,25.0,
1949-04-01,5.3,,,,9.248733712253026,,35.897435897435905,
1949-05-01,6.1,,,,9.244867184781349,,74.28571428571426,
1949-06-01,6.2,,,,9.248733712253026,,72.22222222222223,
1949-07-01,6.7,,,,9.163670107876117,,86.11111111111111,
1949-08-01,6.8,,,,9.163670107876117,,74.35897435897436,
1949-09-01,6.6,,,,9.183002745234505,,73.6842105263158,
1949-10-01,7.9,,,,9.152070525461085,,113.51351351351352,
1949-11-01,6.4,,,,9.163670107876117,,68.42105263157896,
1949-12-01,6.6,,,,9.128871360631017,,64.99999999999999,
1950-01-01,6.5,,,,9.090206085914241,,51.162790697674424,
1950-02-01,6.4,,,,9.128871360631017,,36.170212765957444,
1950-03-01,6.3,,,,9.14047094304605,,26.0,
1950-04-01,5.8,,,,9.144337470517726,,9.433962264150942,
1950-05-01,5.5,,,,9.19073580017786,,-9.836065573770492,
1950-06-01,5.4,,,,9.233267602366315,,-12.903225806451612,
1950-07-01,5.0,,,,9.30673162432819,,-25.373134328358216,
1950-08-01,4.5,,,,9.356996481460001,,-33.82352941176471,
1950-09-01,4.4,,,,9.411127866063488,,-33.33333333333333,
1950-10-01,4.2,,,,9.472992305610331,,-46.83544303797469,
1950-11-01,4.2,,,,9.511657580327109,,-34.375,
1950-12-01,4.3,,,,9.658585624250861,,-34.84848484848485,
1951-01-01,3.7,,,,9.813246723117967,,-43.07692307692308,
1951-02-01,3.4,,,,9.987240459343463,,-46.875,
1951-03-01,3.4,,,,10.006573096701851,,-46.03174603174603,
1951-04-01,3.1,,,,10.022039206588564,,-46.551724137931025,
1951-05-01,3.0,,,,10.049104898890306,,-45.45454545454546,
1951-06-01,3.2,,,,10.02590573406024,,-40.74074074074075,
1951-07-01,3.1,,,,10.018172679116885,,-38.0,
1951-08-01,3.1,,,,9.998840041758497,,-31.11111111111111,
1951-09-01,3.3,,,,10.064571008777017,,-25.00000000000001,
1951-10-01,3.5,,,,10.114835865908828,,-16.666666666666675,
1951-11-01,3.5,,,,10.17670030545567,,-16.666666666666675,
1951-12-01,3.1,,,,10.234698217530836,,-27.90697674418604,
1952-01-01,3.2,,,,10.22696516258748,,-13.513513513513509,
1952-02-01,3.1,,,,10.21149905270077,,-8.823529411764696,
1952-03-01,2.9,,,,10.203765997757415,,-14.70588235294118,
1952-04-01,2.9,,,,10.230831690059158,,-6.451612903225811,
1952-05-01,3.0,,,,10.234698217530836,,0.0,
1952-06-01,3.0,,,,10.257897382360902,,-6.25,
1952-07-01,3.2,,,,10.315895294436068,,3.2258064516129004,
1952-08-01,3.4,,,,10.319761821907745,,9.677419354838701,
1952-09-01,3.1,,,,10.296562657077677,,-6.060606060606055,
1952-10-01,3.0,,,,10.319761821907745,,-14.28571428571429,
1952-11-01,2.8,,,,10.319761821907745,,-20.000000000000007,
1952-12-01,2.7,,,,10.327494876851102,,-12.903225806451612,
1953-01-01,2.9,,,,10.300429184549357,,-9.37500000000001,
1953-02-01,2.6,,,,10.281096547190968,,-16.129032258064512,
1953-03-01,2.6,,,,10.296562657077677,,-10.344827586206895,
1953-04-01,2.7,,,,10.319761821907745,,-6.896551724137923,
1953-05-01,2.5,,,,10.323628349379423,,-16.666666666666664,
1953-06-01,2.5,,,,10.350694041681166,,-16.666666666666664,
1953-07-01,2.6,,,,10.35842709662452,,-18.75,
1953-08-01,2.7,,,,10.381626261454588,,-20.58823529411764,
1953-09-01,2.9,,,,10.397092371341298,,-6.451612903225811,
1953-10-01,3.1,,,,10.420291536171364,,3.3333333333333437,
1953-11-01,3.5,,,,10.381626261454588,,25.0,
1953-12-01,4.5,,,,10.389359316397943,,66.66666666666666,
1954-01-01,4.9,,,,10.416425008699688,,68.96551724137933,
1954-02-01,5.2,,,,10.435757646058075,,100.0,
1954-03-01,5.7,,,,10.41255848122801,,119.23076923076925,
1954-04-01,5.9,,,,10.385492788926264,,118.5185185185185,
1954-05-01,5.9,,,,10.41255848122801,,136.00000000000003,
1954-06-01,5.6,,,,10.416425008699688,,123.99999999999997,
1954-07-01,5.8,,,,10.385492788926264,,123.07692307692308,
1954-08-01,6.0,,,,10.381626261454588,,122.22222222222219,
1954-09-01,6.1,,,,10.366160151567877,,110.34482758620689,
1954-10-01,5.7,,,,10.331361404322777,,83.87096774193547,
1954-11-01,5.3,,,,10.354560569152845,,51.42857142857142,
1954-12-01,5.0,,,,10.350694041681166,,11.111111111111116,
1955-01-01,4.9,,,,10.350694041681166,,0.0,
1955-02-01,4.7,,,,10.370026679039555,,-9.615384615384615,
1955-03-01,4.6,,,,10.35842709662452,,-19.298245614035093,
1955-04-01,4.7,,,,10.35842709662452,,-20.33898305084746,
1955-05-01,4.3,,,,10.350694041681166,,-27.118644067796616,
1955-06-01,4.2,,,,10.327494876851102,,-24.99999999999999,
1955-07-01,4.0,,,,10.346827514209489,,-31.034482758620683,
1955-08-01,4.2,,,,10.331361404322777,,-29.999999999999993,
1955-09-01,4.1,,,,10.381626261454588,,-32.786885245901644,
1955-10-01,4.3,,,,10.370026679039555,,-24.56140350877194,
1955-11-01,4.2,,,,10.39322584386962,,-20.75471698113207,
1955-12-01,4.2,,,,10.389359316397943,,-15.999999999999993,
1956-01-01,4.0,,,,10.373893206511232,,-18.36734693877552,
1956-02-01,3.9,,,,10.385492788926264,,-17.021276595744684,
1956-03-01,4.2,,,,10.397092371341298,,-8.695652173913038,
1956-04-01,4.0,,,,10.41255848122801,,-14.893617021276595,
1956-05-01,4.3,,,,10.451223755944786,,0.0,
1956-06-01,4.3,,,,10.497622085604918,,2.3809523809523725,
1956-07-01,4.4,,,,10.551753470208405,,10.000000000000009,
1956-08-01,4.1,,,,10.55948652515176,,-2.3809523809523947,
1956-09-01,3.9,,,,10.574952635038473,,-4.8780487804877986,
1956-10-01,3.9,,,,10.636817074585316,,-9.302325581395344,
1956-11-01,4.3,,,,10.636817074585316,,2.3809523809523725,
1956-12-01,4.2,,,,10.683215404245447,,0.0,
1957-01-01,4.2,,,,10.69868151413216,,5.000000000000004,
1957-02-01,3.9,,,,10.748946371263967,,0.0,
1957-03-01,3.7,,,,10.772145536094033,,-11.904761904761907,
1957-04-01,3.9,,,,10.799211228395777,,-2.500000000000002,
1957-05-01,4.1,,,,10.826276920697522,,-4.651162790697683,
1957-06-01,4.3,,,,10.868808722885976,,0.0,
1957-07-01,4.2,,,,10.899740942659399,,-4.545454545454552,
1957-08-01,4.1,,,,10.934539689904497,,0.0,
1957-09-01,4.4,,,,10.950005799791208,,12.820512820512842,
1957-10-01,4.5,,,,10.950005799791208,,15.384615384615397,
1957-11-01,5.1,,,,10.984804547036306,,18.604651162790688,
1957-12-01,5.2,,,,11.008003711866372,,23.809523809523814,
1958-01-01,5.8,,,,11.073734678884895,,38.095238095238095,
1958-02-01,6.4,,,,11.09693384371496,,64.10256410256412,
1958-03-01,6.7,,,,11.16266481073348,,81.08108108108108,
1958-04-01,7.4,,,,11.189730503035225,,89.74358974358975,
1958-05-01,7.4,,,,11.189730503035225,,80.4878048780488,
1958-06-01,7.3,,,,11.178130920620191,,69.76744186046513,
1958-07-01,7.5,,,,11.170397865676836,,78.57142857142856,
1958-08-01,7.4,,,,11.189730503035225,,80.4878048780488,
1958-09-01,7.1,,,,11.178130920620191,,61.36363636363635,
1958-10-01,6.7,,,,11.178130920620191,,48.88888888888889,
1958-11-01,6.2,,,,11.193597030506902,,21.568627450980404,
1958-12-01,6.2,,,,11.201330085450255,,19.23076923076923,
1959-01-01,6.0,,,,11.216796195336968,,3.4482758620689724,
1959-02-01,5.9,,,,11.21292966786529,,-7.8125,
1959-03-01,5.6,,,,11.201330085450255,,-16.417910447761198,
1959-04-01,5.2,,,,11.205196612921934,,-29.729729729729726,
1959-05-01,5.1,,,,11.228395777752,,-31.081081081081084,
1959-06-01,5.0,,,,11.255461470053744,,-31.506849315068497,
1959-07-01,5.1,,,,11.270927579940455,,-32.00000000000001,
1959-08-01,5.2,,,,11.282527162355489,,-29.729729729729726,
1959-09-01,5.5,,,,11.309592854657232,,-22.535211267605625,
1959-10-01,5.7,,,,11.34825812937401,,-14.925373134328357,
1959-11-01,5.8,,,,11.34825812937401,,-6.451612903225811,
1959-12-01,5.3,,,,11.371457294204076,,-14.516129032258075,
1960-01-01,5.2,,,,11.355991184317366,,-13.33333333333333,
1960-02-01,4.8,,,,11.371457294204076,,-18.644067796610177,
1960-03-01,5.4,,,,11.371457294204076,,-3.5714285714285587,
1960-04-01,5.2,,,,11.421722151335885,,0.0,
1960-05-01,5.1,,,,11.433321733750919,,0.0,
1960-06-01,5.4,,,,11.448787843637628,,8.000000000000007,
1960-07-01,5.5,,,,11.425588678807564,,7.843137254901977,
1960-08-01,5.6,,,,11.448787843637628,,7.692307692307687,
1960-09-01,5.5,,,,11.448787843637628,,0.0,
1960-10-01,6.1,,,,11.502919228241117,,7.017543859649122,
1960-11-01,6.1,,,,11.514518810656151,,5.1724137931034475,
1960-12-01,6.6,,,,11.526118393071183,,24.52830188679245,
1961-01-01,6.6,,,,11.537717975486215,,26.923076923076916,
1961-02-01,6.9,,,,11.537717975486215,,43.75000000000002,
1961-03-01,6.9,,,,11.537717975486215,,27.777777777777768,
1961-04-01,7.0,,,,11.526118393071183,,34.615384615384606,
1961-05-01,7.1,,,,11.537717975486215,,39.2156862745098,
1961-06-01,6.9,,,,11.537717975486215,,27.777777777777768,
1961-07-01,7.0,,,,11.56865019525964,,27.27272727272727,
1961-08-01,6.6,,,,11.576383250202992,,17.85714285714286,
1961-09-01,6.7,,,,11.591849360089704,,21.818181818181827,
1961-10-01,6.5,,,,11.591849360089704,,6.557377049180335,
1961-11-01,6.1,,,,11.591849360089704,,0.0,
1961-12-01,6.0,,,,11.603448942504738,,-9.090909090909083,
1962-01-01,5.8,,,,11.615048524919768,,-12.121212121212121,
1962-02-01,5.5,,,,11.642114217221513,,-20.28985507246377,
1962-03-01,5.6,,,,11.66531338205158,,-18.840579710144933,
1962-04-01,5.6,,,,11.68077949193829,,-20.000000000000007,
1962-05-01,5.5,,,,11.692379074353324,,-22.535211267605625,
1962-06-01,5.5,,,,11.68077949193829,,-20.28985507246377,
1962-07-01,5.4,,,,11.684646019409968,,-22.857142857142854,
1962-08-01,5.7,,,,11.707845184240034,,-13.636363636363624,
1962-09-01,5.6,,,,11.761976568843522,,-16.417910447761198,
1962-10-01,5.4,,,,11.746510458956811,,-16.92307692307692,
1962-11-01,5.7,,,,11.746510458956811,,-6.5573770491803245,
1962-12-01,5.5,,,,11.746510458956811,,-8.333333333333337,
1963-01-01,5.7,,,,11.769709623786879,,-1.724137931034475,
1963-02-01,5.9,,,,11.785175733673588,,7.272727272727275,
1963-03-01,5.7,,,,11.796775316088622,,1.7857142857143016,
1963-04-01,5.7,,,,11.785175733673588,,1.7857142857143016,
1963-05-01,5.9,,,,11.796775316088622,,7.272727272727275,
1963-06-01,5.6,,,,11.835440590805398,,1.8181818181818077,
1963-07-01,5.6,,,,11.86637281057882,,3.703703703703698,
1963-08-01,5.4,,,,11.889571975408886,,-5.263157894736836,
1963-09-01,5.5,,,,11.877972392993852,,-1.7857142857142794,
1963-10-01,5.5,,,,11.889571975408886,,1.8518518518518379,
1963-11-01,5.7,,,,11.90117155782392,,0.0,
1963-12-01,5.5,,,,11.939836832540696,,0.0,
1964-01-01,5.6,,,,11.963035997370762,,-1.7543859649122862,
1964-02-01,5.4,,,,11.951436414955728,,-8.47457627118644,
1964-03-01,5.4,,,,11.963035997370762,,-5.263157894736836,
1964-04-01,5.3,,,,11.966902524842439,,-7.017543859649134,
1964-05-01,5.1,,,,11.978502107257473,,-13.559322033898313,
1964-06-01,5.2,,,,11.990101689672505,,-7.142857142857128,
1964-07-01,4.9,,,,11.993968217144182,,-12.49999999999999,
1964-08-01,5.0,,,,12.005567799559216,,-7.407407407407418,
1964-09-01,5.1,,,,12.017167381974248,,-7.272727272727275,
1964-10-01,5.1,,,,12.03263349186096,,-7.272727272727275,
1964-11-01,4.8,,,,12.06743223910606,,-15.789473684210531,
1964-12-01,5.0,,,,12.082898348992769,,-9.090909090909093,
1965-01-01,4.9,,,,12.094497931407803,,-12.49999999999999,
1965-02-01,5.1,,,,12.094497931407803,,-5.55555555555557,
1965-03-01,4.7,,,,12.106097513822837,,-12.962962962962965,
1965-04-01,4.8,,,,12.13316320612458,,-9.433962264150942,
1965-05-01,4.6,,,,12.171828480841357,,-9.80392156862745,
1965-06-01,4.6,,,,12.222093337973167,,-11.538461538461553,
1965-07-01,4.4,,,,12.210493755558133,,-10.204081632653061,
1965-08-01,4.4,,,,12.1988941731431,,-11.99999999999999,
1965-09-01,4.3,,,,12.225959865444844,,-15.686274509803921,
1965-10-01,4.2,,,,12.237559447859876,,-17.647058823529406,
1965-11-01,4.1,,,,12.276224722576654,,-14.583333333333337,
1965-12-01,4.0,,,,12.314889997293431,,-19.999999999999996,
1966-01-01,4.0,,,,12.326489579708463,,-18.36734693877552,
1966-02-01,3.8,,,,12.403820129142016,,-25.49019607843137,
1966-03-01,3.8,,,,12.442485403858793,,-19.14893617021277,
1966-04-01,3.8,,,,12.481150678575572,,-20.833333333333336,
1966-05-01,3.9,,,,12.508216370877316,,-15.217391304347816,
1966-06-01,3.8,,,,12.51981595329235,,-17.391304347826086,
1966-07-01,3.8,,,,12.546881645594093,,-13.636363636363647,
1966-08-01,3.8,,,,12.624212195027646,,-13.636363636363647,
1966-09-01,3.7,,,,12.662877469744425,,-13.953488372093014,
1966-10-01,3.7,,,,12.7015427444612,,-11.904761904761907,
1966-11-01,3.6,,,,12.713142326876234,,-12.195121951219502,
1966-12-01,3.8,,,,12.728608436762945,,-5.000000000000004,
1967-01-01,3.9,,,,12.720875381819589,,-2.500000000000002,
1967-02-01,3.8,,,,12.759540656536364,,0.0,
1967-03-01,3.8,,,,12.759540656536364,,0.0,
1967-04-01,3.8,,,,12.798205931253143,,0.0,
1967-05-01,3.8,,,,12.798205931253143,,-2.564102564102566,
1967-06-01,3.9,,,,12.875536480686694,,2.6315789473684292,
1967-07-01,3.8,,,,12.91420175540347,,0.0,
1967-08-01,3.8,,,,12.952867030120249,,0.0,
1967-09-01,3.8,,,,12.991532304837028,,2.7027027027026973,
1967-10-01,4.0,,,,13.030197579553803,,8.108108108108091,
1967-11-01,3.9,,,,13.107528128987356,,8.333333333333325,
1967-12-01,3.8,,,,13.146193403704135,,0.0,
1968-01-01,3.7,,,,13.18485867842091,,-5.128205128205121,
1968-02-01,3.8,,,,13.22352395313769,,0.0,
1968-03-01,3.7,,,,13.262189227854462,,-2.631578947368407,
1968-04-01,3.5,,,,13.30085450257124,,-7.894736842105255,
1968-05-01,3.5,,,,13.339519777288016,,-7.894736842105255,
1968-06-01,3.7,,,,13.41685032672157,,-5.128205128205121,
1968-07-01,3.7,,,,13.494180876155124,,-2.631578947368407,
1968-08-01,3.5,,,,13.532846150871903,,-7.894736842105255,
1968-09-01,3.4,,,,13.571511425588682,,-10.526315789473683,
1968-10-01,3.4,,,,13.648841975022233,,-15.000000000000002,
1968-11-01,3.4,,,,13.687507249739008,,-12.82051282051282,
1968-12-01,3.4,,,,13.764837799172563,,-10.526315789473683,
1969-01-01,3.4,,,,13.803503073889342,,-8.108108108108114,
1969-02-01,3.4,,,,13.842168348606116,,-10.526315789473683,
1969-03-01,3.4,,,,13.95816417275645,,-8.108108108108114,
1969-04-01,3.4,,,,14.03549472219,,-2.857142857142858,
1969-05-01,3.4,,,,14.074159996906776,,-2.857142857142858,
1969-06-01,3.5,,,,14.151490546340332,,-5.405405405405405,
1969-07-01,3.5,,,,14.228821095773887,,-5.405405405405405,
1969-08-01,3.5,,,,14.267486370490662,,0.0,
1969-09-01,3.7,,,,14.344816919924217,,8.823529411764719,
1969-10-01,3.7,,,,14.422147469357768,,8.823529411764719,
1969-11-01,3.5,,,,14.499478018791322,,2.941176470588247,
1969-12-01,3.5,,,,14.576808568224878,,2.941176470588247,
1970-01-01,3.9,,,,14.65413911765843,,14.705882352941169,
1970-02-01,4.2,,,,14.731469667091984,,23.529411764705888,
1970-03-01,4.4,,,,14.808800216525539,,29.41176470588236,
1970-04-01,4.6,,,,14.886130765959093,,35.29411764705881,
1970-05-01,4.8,,,,14.924796040675869,,41.176470588235304,
1970-06-01,4.9,,,,15.002126590109421,,40.000000000000014,
1970-07-01,5.0,,,,15.0407918648262,,42.85714285714286,
1970-08-01,5.1,,,,15.079457139542976,,45.71428571428571,
1970-09-01,5.4,,,,15.15678768897653,,45.945945945945944,
1970-10-01,5.5,,,,15.234118238410083,,48.64864864864864,
1970-11-01,5.9,,,,15.311448787843638,,68.57142857142857,
1970-12-01,6.1,,,,15.388779337277189,,74.28571428571426,
1971-01-01,5.9,,,,15.427444611993968,,51.2820512820513,
1971-02-01,5.9,,,,15.427444611993968,,40.47619047619049,
1971-03-01,6.0,,,,15.466109886710747,,36.36363636363635,
1971-04-01,5.9,,,,15.504775161427522,,28.260869565217405,
1971-05-01,5.9,,,,15.582105710861075,,22.916666666666675,
1971-06-01,5.9,,,,15.65943626029463,,20.408163265306122,
1971-07-01,6.0,,,,15.698101535011407,,19.999999999999996,
1971-08-01,6.1,,,,15.736766809728184,,19.6078431372549,
1971-09-01,6.0,,,,15.77543208444496,,11.111111111111093,
1971-10-01,5.8,,,,15.814097359161735,,5.454545454545445,
1971-11-01,6.0,,,,15.852762633878514,,1.6949152542372836,
1971-12-01,6.0,,,,15.89142790859529,,-1.6393442622950727,
1972-01-01,5.8,,,,15.930093183312069,,-1.6949152542372947,
1972-02-01,5.7,,,,16.00742373274562,,-3.3898305084745783,
1972-03-01,5.8,,,,16.00742373274562,,-3.3333333333333326,
1972-04-01,5.7,,,,16.0460890074624,,-3.3898305084745783,
1972-05-01,5.7,,,,16.084754282179176,,-3.3898305084745783,
1972-06-01,5.7,,,,16.123419556895954,,-3.3898305084745783,
1972-07-01,5.6,,,,16.162084831612727,,-6.666666666666677,
1972-08-01,5.6,,,,16.200750106329505,,-8.196721311475407,
1972-09-01,5.5,,,,16.278080655763063,,-8.333333333333337,
1972-10-01,5.6,,,,16.316745930479836,,-3.4482758620689724,
1972-11-01,5.3,,,,16.394076479913387,,-11.66666666666667,
1972-12-01,5.2,,,,16.432741754630168,,-13.33333333333333,
1973-01-01,4.9,,,,16.510072304063723,,-15.517241379310331,
1973-02-01,5.0,,,,16.62606812821405,,-12.28070175438597,
1973-03-01,4.9,,,,16.78072922708116,,-15.517241379310331,
1973-04-01,5.0,,,,16.89672505123149,,-12.28070175438597,
1973-05-01,4.9,,,,16.974055600665043,,-14.035087719298245,
1973-06-01,4.9,,,,17.090051424815375,,-14.035087719298245,
1973-07-01,4.8,,,,17.090051424815375,,-14.28571428571428,
1973-08-01,4.8,,,,17.39937362254959,,-14.28571428571428,
1973-09-01,4.8,,,,17.476704171983144,,-12.727272727272732,
1973-10-01,4.6,,,,17.63136527085025,,-17.85714285714286,
1973-11-01,4.8,,,,17.74736109500058,,-9.433962264150942,
1973-12-01,4.9,,,,17.902022193867687,,-5.769230769230771,
1974-01-01,5.1,,,,18.095348567451573,,4.081632653061207,
1974-02-01,5.2,,,,18.288674941035453,,4.0000000000000036,
1974-03-01,5.1,,,,18.48200131461934,,4.081632653061207,
1974-04-01,5.1,,,,18.597997138769674,,2.0000000000000018,
1974-05-01,5.1,,,,18.791323512353557,,4.081632653061207,
1974-06-01,5.4,,,,18.945984611220663,,10.20408163265305,
1974-07-01,5.5,,,,19.06198043537099,,14.583333333333348,
1974-08-01,5.5,,,,19.293972083671655,,14.583333333333348,
1974-09-01,5.9,,,,19.564629006689096,,22.916666666666675,
1974-10-01,6.0,,,,19.7192901055562,,30.434782608695656,
1974-11-01,6.6,,,,19.912616479140084,,37.5,
1974-12-01,7.2,,,,20.067277578007193,,46.93877551020407,
1975-01-01,8.1,,,,20.2219386768743,,58.82352941176472,
1975-02-01,8.1,,,,20.33793450102463,,55.769230769230745,
1975-03-01,8.6,,,,20.415265050458185,,68.62745098039215,
1975-04-01,8.8,,,,20.49259559989174,,72.54901960784316,
1975-05-01,9.0,,,,20.531260874608513,,76.47058823529413,
1975-06-01,8.8,,,,20.685921973475622,,62.962962962962976,
1975-07-01,8.6,,,,20.879248347059505,,56.363636363636346,
1975-08-01,8.4,,,,20.95657889649306,,52.727272727272734,
1975-09-01,8.4,,,,21.11123999536017,,42.3728813559322,
1975-10-01,8.4,,,,21.227235819510497,,40.000000000000014,
1975-11-01,8.3,,,,21.381896918377606,,25.75757575757578,
1975-12-01,8.2,,,,21.497892742527934,,13.888888888888884,
1976-01-01,7.9,,,,21.57522329196149,,-2.4691358024691246,
1976-02-01,7.7,,,,21.613888566678266,,-4.93827160493826,
1976-03-01,7.6,,,,21.652553841395044,,-11.627906976744185,
1976-04-01,7.7,,,,21.69121911611182,,-12.5,
1976-05-01,7.4,,,,21.807214940262153,,-17.77777777777777,
1976-06-01,7.6,,,,21.92321076441248,,-13.636363636363647,
1976-07-01,7.8,,,,22.039206588562813,,-9.302325581395344,
1976-08-01,7.8,,,,22.15520241271314,,-7.142857142857151,
1976-09-01,7.6,,,,22.271198236863473,,-9.523809523809534,
1976-10-01,7.7,,,,22.387194061013805,,-8.333333333333337,
1976-11-01,7.8,,,,22.46452461044736,,-6.024096385542177,
1976-12-01,7.8,,,,22.580520434597688,,-4.8780487804877986,
1977-01-01,7.5,,,,22.69651625874802,,-5.063291139240511,
1977-02-01,7.6,,,,22.92850790704868,,-1.2987012987013102,
1977-03-01,7.4,,,,23.04450373119901,,-2.631578947368407,
1977-04-01,7.2,,,,23.199164830066117,,-6.493506493506496,
1977-05-01,7.0,,,,23.27649537949967,,-5.405405405405405,
1977-06-01,7.2,,,,23.39249120365,,-5.263157894736836,
1977-07-01,6.9,,,,23.50848702780033,,-11.538461538461531,
1977-08-01,7.0,,,,23.624482851950663,,-10.256410256410254,
1977-09-01,6.8,,,,23.701813401384218,,-10.526315789473683,
1977-10-01,6.8,,,,23.817809225534546,,-11.688311688311693,
1977-11-01,6.8,,,,23.972470324401655,,-12.82051282051282,
1977-12-01,6.4,,,,24.088466148551984,,-17.948717948717942,
1978-01-01,6.4,,,,24.243127247419093,,-14.66666666666666,
1978-02-01,6.3,,,,24.359123071569424,,-17.105263157894733,
1978-03-01,6.3,,,,24.51378417043653,,-14.864864864864868,
1978-04-01,6.1,,,,24.707110544020416,,-15.27777777777779,
1978-05-01,6.0,,,,24.939102192321077,,-14.28571428571429,
1978-06-01,5.9,,,,25.132428565904963,,-18.055555555555557,
1978-07-01,6.2,,,,25.32575493948885,,-10.144927536231885,
1978-08-01,5.9,,,,25.48041603835596,,-15.714285714285714,
1978-09-01,6.0,,,,25.71240768665661,,-11.764705882352944,
1978-10-01,5.8,,,,25.944399334957275,,-14.70588235294118,
1978-11-01,5.9,,,,26.099060433824384,,-13.235294117647056,
1978-12-01,6.0,,,,26.253721532691493,,-6.25,
1979-01-01,5.9,,,,26.48571318099215,,-7.8125,
1979-02-01,5.9,,,,26.75637010400959,,-6.349206349206337,
1979-03-01,5.8,,,,27.027027027027028,,-7.936507936507942,
1979-04-01,5.8,,,,27.297683950044465,,-4.91803278688524,
1979-05-01,5.6,,,,27.607006147778684,,-6.666666666666677,
1979-06-01,5.7,,,,27.9163283455129,,-3.3898305084745783,
1979-07-01,5.7,,,,28.22565054324711,,-8.064516129032262,
1979-08-01,6.0,,,,28.496307466264547,,1.6949152542372836,
1979-09-01,5.9,,,,28.76696438928199,,-1.6666666666666607,
1979-10-01,6.0,,,,29.076286587016202,,3.4482758620689724,
1979-11-01,5.9,,,,29.385608784750417,,0.0,
1979-12-01,6.0,,,,29.733596257201413,,0.0,
1980-01-01,6.3,,,,30.158914279085952,,6.7796610169491345,
1980-02-01,6.3,,,,30.54556702625372,,6.7796610169491345,
1980-03-01,6.3,,,,30.970885048138264,,8.62068965517242,
1980-04-01,6.9,,,,31.280207245872482,,18.965517241379317,
1980-05-01,7.5,,,,31.5895294436067,,33.928571428571445,
1980-06-01,7.6,,,,31.898851641340915,,33.33333333333333,
1980-07-01,7.8,,,,31.937516916057685,,36.8421052631579,
1980-08-01,7.7,,,,32.16950856435835,,28.333333333333343,
1980-09-01,7.5,,,,32.440165487375786,,27.118644067796605,
1980-10-01,7.5,,,,32.749487685110005,,25.0,
1980-11-01,7.5,,,,33.09747515756099,,27.118644067796605,
1980-12-01,7.2,,,,33.40679735529521,,19.999999999999996,
1981-01-01,7.5,,,,33.71611955302943,,19.047619047619047,
1981-02-01,7.4,,,,34.02544175076364,,17.460317460317466,
1981-03-01,7.4,,,,34.2574333990643,,17.460317460317466,
1981-04-01,7.2,,,,34.45075977264818,,4.347826086956519,
1981-05-01,7.5,,,,34.68275142094885,,0.0,
1981-06-01,7.5,,,,34.992073618683065,,-1.3157894736842035,
1981-07-01,7.2,,,,35.37872636585083,,-7.692307692307687,
1981-08-01,7.4,,,,35.64938328886827,,-3.8961038961038974,
1981-09-01,7.6,,,,35.99737076131926,,1.3333333333333197,
1981-10-01,7.9,,,,36.11336658546959,,5.3333333333333455,
1981-11-01,8.3,,,,36.268027684336694,,10.666666666666668,
1981-12-01,8.5,,,,36.384023508487026,,18.055555555555557,
1982-01-01,8.6,,,,36.500019332637365,,14.666666666666671,
1982-02-01,8.9,,,,36.61601515678769,,20.270270270270263,
1982-03-01,9.0,,,,36.61601515678769,,21.62162162162162,
1982-04-01,9.3,,,,36.73201098093802,,29.166666666666675,
1982-05-01,9.4,,,,37.07999845338901,,25.333333333333343,
1982-06-01,9.6,,,,37.50531647527356,,28.000000000000004,
1982-07-01,9.8,,,,37.698642848857446,,36.111111111111114,
1982-08-01,9.8,,,,37.77597339829099,,32.432432432432435,
1982-09-01,10.1,,,,37.77597339829099,,32.89473684210527,
1982-10-01,10.4,,,,37.9306344971581,,31.645569620253156,
1982-11-01,10.8,,,,37.891969222441325,,30.12048192771084,
1982-12-01,10.8,,,,37.77597339829099,,27.05882352941178,
1983-01-01,10.4,,,,37.853303947724555,,20.93023255813955,
1983-02-01,10.4,,,,37.891969222441325,,16.85393258426966,
1983-03-01,10.3,,,,37.9306344971581,,14.44444444444446,
1983-04-01,10.2,,,,38.201291420175544,,9.677419354838701,
1983-05-01,10.1,,,,38.35595251904265,,7.446808510638281,
1983-06-01,10.1,,,,38.43328306847621,,5.208333333333326,
1983-07-01,9.4,,,,38.58794416734331,,-4.081632653061229,
1983-08-01,9.5,,,,38.703939991493634,,-3.0612244897959218,
1983-09-01,9.2,,,,38.81993581564397,,-8.910891089108919,
1983-10-01,8.8,,,,38.974596914511075,,-15.384615384615385,
1983-11-01,8.5,,,,39.09059273866141,,-21.2962962962963,
1983-12-01,8.3,,,,39.20658856281174,,-23.148148148148152,
1984-01-01,8.0,,,,39.47724548582918,,-23.076923076923084,
1984-02-01,7.8,,,,39.67057185941306,,-25.0,
1984-03-01,7.8,,,,39.7865676835634,,-24.271844660194187,
1984-04-01,7.7,,,,39.9412287824305,,-24.50980392156862,
1984-05-01,7.4,,,,40.018559331864054,,-26.732673267326724,
1984-06-01,7.2,,,,40.09588988129761,,-28.712871287128706,
1984-07-01,7.5,,,,40.25055098016471,,-20.21276595744681,
1984-08-01,7.5,,,,40.36654680431504,,-21.052631578947366,
1984-09-01,7.3,,,,40.48254262846538,,-20.65217391304347,
1984-10-01,7.4,,,,40.63720372733248,,-15.909090909090917,
1984-11-01,7.2,,,,40.71453427676603,,-15.294117647058824,
1984-12-01,7.3,,,,40.79186482619959,,-12.048192771084343,
1985-01-01,7.3,,,,40.86919537563315,,-8.750000000000002,
1985-02-01,7.2,,,,41.101187023933804,,-7.692307692307687,
1985-03-01,7.2,,,,41.29451339751769,,-7.692307692307687,
1985-04-01,7.3,,,,41.371843946951245,,-5.1948051948051965,
1985-05-01,7.2,,,,41.4491744963848,,-2.7027027027027084,
1985-06-01,7.4,,,,41.56517032053513,,2.77777777777779,
1985-07-01,7.4,,,,41.642500869968686,,-1.3333333333333308,
1985-08-01,7.1,,,,41.71983141940224,,-5.333333333333334,
1985-09-01,7.1,,,,41.79716196883579,,-2.73972602739726,
1985-10-01,7.1,,,,41.9518230677029,,-4.054054054054069,
1985-11-01,7.0,,,,42.14514944128678,,-2.777777777777779,
1985-12-01,7.0,,,,42.33847581487066,,-4.109589041095885,
1986-01-01,6.7,,,,42.49313691373777,,-8.21917808219178,
1986-02-01,7.2,,,,42.41580636430422,,0.0,
1986-03-01,7.2,,,,42.18381471600355,,0.0,
1986-04-01,7.1,,,,42.02915361713645,,-2.73972602739726,
1986-05-01,7.2,,,,42.14514944128678,,0.0,
1986-06-01,7.2,,,,42.29981054015389,,-2.7027027027027084,
1986-07-01,7.0,,,,42.33847581487066,,-5.405405405405405,
1986-08-01,6.9,,,,42.37714108958744,,-2.8169014084506894,
1986-09-01,7.0,,,,42.53180218845455,,-1.4084507042253502,
1986-10-01,7.0,,,,42.6091327378881,,-1.4084507042253502,
1986-11-01,6.9,,,,42.68646328732166,,-1.4285714285714235,
1986-12-01,6.6,,,,42.84112438618876,,-5.714285714285716,
1987-01-01,6.6,,,,43.07311603448943,,-1.4925373134328401,
1987-02-01,6.6,,,,43.22777713335653,,-8.333333333333337,
1987-03-01,6.6,,,,43.38243823222364,,-8.333333333333337,
1987-04-01,6.3,,,,43.57576460580753,,-11.267605633802813,
1987-05-01,6.3,,,,43.69176042995785,,-12.5,
1987-06-01,6.2,,,,43.88508680354174,,-13.888888888888884,
1987-07-01,6.1,,,,44.00108262769207,,-12.857142857142867,
1987-08-01,6.0,,,,44.19440900127595,,-13.043478260869568,
1987-09-01,5.9,,,,44.34907010014306,,-15.714285714285714,
1987-10-01,6.0,,,,44.4650659242934,,-14.28571428571429,
1987-11-01,5.8,,,,44.61972702316051,,-15.94202898550725,
1987-12-01,5.7,,,,44.69705757259405,,-13.636363636363624,
1988-01-01,5.7,,,,44.85171867146116,,-13.636363636363624,
1988-02-01,5.7,,,,44.92904922089472,,-13.636363636363624,
1988-03-01,5.7,,,,45.04504504504504,,-13.636363636363624,
1988-04-01,5.4,,,,45.315701968062484,,-14.28571428571428,
1988-05-01,5.6,,,,45.431697792212816,,-11.111111111111116,
1988-06-01,5.4,,,,45.6250241657967,,-12.903225806451612,
1988-07-01,5.4,,,,45.81835053938058,,-11.475409836065564,
1988-08-01,5.6,,,,46.01167691296447,,-6.666666666666677,
1988-09-01,5.4,,,,46.205003286548354,,-8.47457627118644,
1988-10-01,5.4,,,,46.35966438541546,,-9.999999999999998,
1988-11-01,5.3,,,,46.514325484282566,,-8.62068965517241,
1988-12-01,5.3,,,,46.668986583149675,,-7.017543859649134,
1989-01-01,5.4,,,,46.86231295673356,,-5.263157894736836,
1989-02-01,5.2,,,,47.01697405560066,,-8.771929824561408,
1989-03-01,5.0,,,,47.24896570390133,,-12.28070175438597,
1989-04-01,5.2,,,,47.59695317635232,,-3.703703703703709,
1989-05-01,5.2,,,,47.82894482465298,,-7.142857142857128,
1989-06-01,5.3,,,,47.98360592352008,,-1.85185185185186,
1989-07-01,5.2,,,,48.1382670223872,,-3.703703703703709,
1989-08-01,5.2,,,,48.1382670223872,,-7.142857142857128,
1989-09-01,5.3,,,,48.25426284653753,,-1.85185185185186,
1989-10-01,5.3,,,,48.486254494838185,,-1.85185185185186,
1989-11-01,5.4,,,,48.67958086842207,,1.8867924528301883,
1989-12-01,5.4,,,,48.834241967289174,,1.8867924528301883,
1990-01-01,5.4,,,,49.2982252638905,,0.0,
1990-02-01,5.3,,,,49.49155163747439,,1.9230769230769162,
1990-03-01,5.2,,,,49.723543285775044,,4.0000000000000036,
1990-04-01,5.4,,,,49.83953910992538,,3.8461538461538547,
1990-05-01,5.4,,,,49.91686965935893,,3.8461538461538547,
1990-06-01,5.2,,,,50.22619185709315,,-1.8867924528301772,
1990-07-01,5.5,,,,50.458183505393805,,5.769230769230771,
1990-08-01,5.7,,,,50.883501527278355,,9.615384615384626,
1990-09-01,5.9,,,,51.23148899972934,,11.320754716981153,
1990-10-01,5.9,,,,51.57947647218034,,11.320754716981153,
1990-11-01,6.2,,,,51.69547229633066,,14.814814814814813,
1990-12-01,6.3,,,,51.88879866991455,,16.66666666666665,
1991-01-01,6.4,,,,52.08212504349843,,18.518518518518512,
1991-02-01,6.6,,,,52.120790318215214,,24.52830188679245,
1991-03-01,6.8,,,,52.120790318215214,,30.76923076923077,
1991-04-01,6.7,,,,52.236786142365546,,24.07407407407407,
1991-05-01,6.9,,,,52.430112515949425,,27.777777777777768,
1991-06-01,6.9,,,,52.58477361481654,,32.692307692307686,
1991-07-01,6.8,,,,52.66210416425008,,23.636363636363633,
1991-08-01,6.9,,,,52.81676526311719,,21.052631578947366,
1991-09-01,6.9,,,,52.9714263619843,,16.94915254237288,
1991-10-01,7.0,,,,53.04875691141785,,18.644067796610166,
1991-11-01,7.0,,,,53.280748559718525,,12.903225806451601,
1991-12-01,7.3,,,,53.43540965858562,,15.873015873015884,
1992-01-01,7.3,,,,53.474074933302404,,14.0625,
1992-02-01,7.4,,,,53.590070757452736,,12.121212121212132,
1992-03-01,7.4,,,,53.783397131036615,,8.823529411764719,
1992-04-01,7.4,,,,53.899392955186954,,10.447761194029859,
1992-05-01,7.6,,,,54.01538877933727,,10.144927536231862,
1992-06-01,7.8,,,,54.17004987820439,,13.043478260869556,
1992-07-01,7.7,,,,54.32471097707149,,13.235294117647056,
1992-08-01,7.6,,,,54.44070680122183,,10.144927536231862,
1992-09-01,7.6,,,,54.556702625372154,,10.144927536231862,
1992-10-01,7.3,,,,54.78869427367281,,4.285714285714293,
1992-11-01,7.4,,,,54.943355372539926,,5.714285714285716,
1992-12-01,7.4,,,,55.02068592197348,,1.3698630136986356,
1993-01-01,7.3,,,,55.21401229555737,,0.0,
1993-02-01,7.1,,,,55.330008119707685,,-4.054054054054069,
1993-03-01,7.0,,,,55.40733866914125,,-5.405405405405405,
1993-04-01,7.1,,,,55.60066504272514,,-4.054054054054069,
1993-05-01,7.1,,,,55.755326141592235,,-6.578947368421051,
1993-06-01,7.0,,,,55.79399141630902,,-10.256410256410254,
1993-07-01,6.9,,,,55.871321965742574,,-10.389610389610382,
1993-08-01,6.8,,,,55.9873177898929,,-10.526315789473683,
1993-09-01,6.7,,,,56.06464833932645,,-11.842105263157887,
1993-10-01,6.8,,,,56.2966399876271,,-6.849315068493156,
1993-11-01,6.6,,,,56.45130108649422,,-10.810810810810823,
1993-12-01,6.5,,,,56.56729691064456,,-12.162162162162172,
1994-01-01,6.6,,,,56.56729691064456,,-9.589041095890416,
1994-02-01,6.6,,,,56.72195800951165,,-7.042253521126762,
1994-03-01,6.5,,,,56.87661910837877,,-7.14285714285714,
1994-04-01,6.4,,,,56.915284383095546,,-9.859154929577452,
1994-05-01,6.1,,,,57.03128020724587,,-14.084507042253524,
1994-06-01,6.1,,,,57.18594130611299,,-12.857142857142867,
1994-07-01,6.1,,,,57.379267679696866,,-11.594202898550732,
1994-08-01,6.0,,,,57.61125932799752,,-11.764705882352944,
1994-09-01,5.9,,,,57.72725515214786,,-11.940298507462687,
1994-10-01,5.8,,,,57.76592042686464,,-14.70588235294118,
1994-11-01,5.6,,,,57.92058152573174,,-15.151515151515149,
1994-12-01,5.5,,,,58.036577349882066,,-15.384615384615385,
1995-01-01,5.6,,,,58.19123844874918,,-15.151515151515149,
1995-02-01,5.4,,,,58.345899547616284,,-18.181818181818176,
1995-03-01,5.4,,,,58.461895371766616,,-16.92307692307692,
1995-04-01,5.8,,,,58.69388702006728,,-9.37500000000001,
1995-05-01,5.6,,,,58.80988284421761,,-8.196721311475407,
1995-06-01,5.6,,,,58.925878668367936,,-8.196721311475407,
1995-07-01,5.7,,,,59.00320921780149,,-6.5573770491803245,
1995-08-01,5.7,,,,59.11920504195183,,-4.999999999999993,
1995-09-01,5.6,,,,59.19653559138538,,-5.084745762711873,
1995-10-01,5.5,,,,59.351196690252486,,-5.1724137931034475,
1995-11-01,5.6,,,,59.428527239686034,,0.0,
1995-12-01,5.6,,,,59.505857789119595,,1.8181818181818077,
1996-01-01,5.6,,,,59.815179986853806,,0.0,
1996-02-01,5.5,,,,59.93117581100413,,1.8518518518518379,
1996-03-01,5.5,,,,60.124502184588025,,1.8518518518518379,
1996-04-01,5.6,,,,60.35649383288868,,-3.4482758620689724,
1996-05-01,5.6,,,,60.47248965703902,,0.0,
1996-06-01,5.3,,,,60.58848548118934,,-5.357142857142849,
1996-07-01,5.5,,,,60.70448130533968,,-3.508771929824561,
1996-08-01,5.1,,,,60.781811854773224,,-10.526315789473696,
1996-09-01,5.2,,,,60.9751382283571,,-7.142857142857128,
1996-10-01,5.2,,,,61.168464601941,,-5.454545454545457,
1996-11-01,5.4,,,,61.361790975524876,,-3.5714285714285587,
1996-12-01,5.4,,,,61.51645207439199,,-3.5714285714285587,
1997-01-01,5.3,,,,61.63244789854232,,-5.357142857142849,
1997-02-01,5.2,,,,61.74844372269265,,-5.454545454545457,
1997-03-01,5.2,,,,61.78710899740943,,-5.454545454545457,
1997-04-01,5.1,,,,61.82577427212621,,-8.92857142857143,
1997-05-01,4.9,,,,61.82577427212621,,-12.49999999999999,
1997-06-01,5.0,,,,61.94177009627653,,-5.660377358490565,
1997-07-01,4.9,,,,62.01910064571009,,-10.909090909090901,
1997-08-01,4.8,,,,62.173761744577206,,-5.882352941176472,
1997-09-01,4.9,,,,62.3284228434443,,-5.769230769230771,
1997-10-01,4.7,,,,62.44441866759464,,-9.615384615384615,
1997-11-01,4.6,,,,62.52174921702819,,-14.814814814814826,
1997-12-01,4.7,,,,62.560414491744964,,-12.962962962962965,
1998-01-01,4.6,,,,62.63774504117852,,-13.20754716981133,
1998-02-01,4.6,,,,62.63774504117852,,-11.538461538461553,
1998-03-01,4.7,,,,62.63774504117852,,-9.615384615384615,
1998-04-01,4.3,,,,62.71507559061207,,-15.686274509803921,
1998-05-01,4.4,,,,62.86973668947918,,-10.204081632653061,
1998-06-01,4.5,,,,62.94706723891274,,-9.999999999999998,
1998-07-01,4.5,,,,63.10172833777984,,-8.163265306122458,
1998-08-01,4.5,,,,63.1790588872134,,-6.25,
1998-09-01,4.6,,,,63.217724161930164,,-6.122448979591855,
1998-10-01,4.5,,,,63.37238526079728,,-4.255319148936176,
1998-11-01,4.4,,,,63.449715810230835,,-4.347826086956507,
1998-12-01,4.4,,,,63.56571163438116,,-6.382978723404253,
1999-01-01,4.3,,,,63.68170745853149,,-6.521739130434778,
1999-02-01,4.4,,,,63.68170745853149,,-4.347826086956507,
1999-03-01,4.2,,,,63.720372733248276,,-10.63829787234043,
1999-04-01,4.3,,,,64.14569075513282,,0.0,
1999-05-01,4.2,,,,64.1843560298496,,-4.545454545454552,
1999-06-01,4.3,,,,64.1843560298496,,-4.444444444444451,
1999-07-01,4.3,,,,64.45501295286704,,-4.444444444444451,
1999-08-01,4.2,,,,64.60967405173413,,-6.666666666666665,
1999-09-01,4.2,,,,64.88033097475157,,-8.695652173913038,
1999-10-01,4.1,,,,64.9963267989019,,-8.888888888888902,
1999-11-01,4.1,,,,65.11232262305225,,-6.818181818181834,
1999-12-01,4.0,,,,65.26698372191935,,-9.090909090909093,
2000-01-01,4.0,,,,65.46031009550323,,-6.976744186046513,
2000-02-01,4.1,,,,65.73096701852067,,-6.818181818181834,
2000-03-01,4.0,,,,66.11761976568845,,-4.761904761904767,
2000-04-01,3.8,,,,66.07895449097167,,-11.627906976744185,
2000-05-01,4.0,,,,66.19495031512199,,-4.761904761904767,
2000-06-01,4.0,,,,66.58160306228976,,-6.976744186046513,
2000-07-01,4.0,,,,66.77492943587364,,-6.976744186046513,
2000-08-01,4.1,,,,66.77492943587364,,-2.3809523809523947,
2000-09-01,3.9,,,,67.12291690832464,,-7.142857142857151,
2000-10-01,3.9,,,,67.23891273247496,,-4.8780487804877986,
2000-11-01,3.9,,,,67.35490855662529,,-4.8780487804877986,
2000-12-01,3.9,75.95163457232422,91.17795328516216,82.64984227129337,67.5095696554924,112.50498997388439,-2.500000000000002,
2001-01-01,4.2,78.1310643379609,96.15190724248025,93.05993690851734,67.89622240266017,115.07424356336462,5.000000000000004,
2001-02-01,4.2,76.0859829825347,89.11107376911444,87.55377114998566,68.05088350152728,111.80748737939176,2.4390243902439046,
2001-03-01,4.3,71.08523660247799,92.89195093261637,87.58244909664468,68.08954877624406,104.39962942929519,7.499999999999996,
2001-04-01,4.4,68.89087923570682,87.44748781717358,90.70834528247778,68.20554460039439,101.00480780459668,15.789473684210531,
2001-05-01,4.3,66.05463502015226,90.9090909090909,85.83309435044451,68.55353207284539,96.35482377474325,7.499999999999996,
2001-06-01,4.5,65.09926854754441,85.85111745925055,82.53513048465729,68.70819317171248,94.74746102673839,12.5,
2001-07-01,4.6,66.38304224511121,88.11964375735171,84.51390880412963,68.59219734756216,96.77929095745834,14.999999999999991,
2001-08-01,4.9,60.06866696521869,87.7667618887582,83.96902781760825,68.59219734756216,87.5736152041404,19.512195121951237,
2001-09-01,5.0,60.770264218540085,83.24651319106032,77.51648981932894,68.86285427057959,88.24825061673792,28.205128205128215,
2001-10-01,5.3,55.33661740558292,85.33019660561251,80.1548609119587,68.6695278969957,80.58394909688013,35.897435897435905,
2001-11-01,5.5,56.35169428272877,82.5743572508822,73.41554344708919,68.63086262227893,82.10838699911068,41.025641025641036,
2001-12-01,5.7,54.888789371548,81.1460258780037,73.38686550043016,68.59219734756216,80.0219142906621,46.15384615384617,-27.731918238993693
2002-01-01,5.7,55.217196596506945,81.58292723911947,81.58875824490967,68.70819317171248,80.3647920976623,35.71428571428572,-29.32747420710737
2002-02-01,5.7,51.291237498134045,80.67551671987901,73.75967880699741,68.82418899586281,74.52501547271017,35.71428571428572,-32.58779674318226
2002-03-01,5.7,53.91849529780565,79.07914636195598,71.4941210209349,69.0175153694467,78.12291562392983,32.558139534883736,-24.149517009659803
2002-04-01,5.9,51.81370353784147,82.80961182994456,75.25093203326641,69.32683756718092,74.7383053318011,34.09090909090908,-24.788732394366196
2002-05-01,5.8,51.6047171219585,81.61653503612838,72.75595067393175,69.40416811661447,74.35391637466365,34.883720930232556,-21.87570621468926
2002-06-01,5.8,50.9329750709061,81.81818181818183,72.32578147404645,69.44283339133125,73.34518564915615,28.888888888888875,-21.76106397615226
2002-07-01,5.8,50.26123301985371,83.1120820030247,73.44422139374821,69.59749449019836,72.21701497735981,26.086956521739136,-24.286035529570494
2002-08-01,5.7,52.50037319002836,81.85178961519073,73.44422139374821,69.79082086378224,75.22532697028828,16.326530612244895,-12.599403578528822
2002-09-01,5.7,49.27601134497686,81.98622080322635,72.29710352738743,69.90681668793258,70.48813503402303,14.000000000000012,-18.914271677720475
2002-10-01,5.7,51.933124346917445,80.62510502436565,69.48666475480356,70.06147778679967,74.12507698588995,7.547169811320753,-6.150526031831671
2002-11-01,5.9,52.45559038662487,80.52428163333893,68.91310582162318,70.17747361095,74.74704871456083,7.272727272727275,-6.913907284768217
2002-12-01,6.0,47.30556799522317,82.22147538228869,71.72354459420706,70.29346943510035,67.29724450277538,5.263157894736836,-13.815610552080503
2003-01-01,5.8,51.365875503806535,84.99411863552344,69.65873243475768,70.60279163283455,72.75332081900046,1.754385964912264,-6.97485806974859
2003-02-01,5.9,48.20122406329303,79.2135775499916,71.40808718095785,70.98944438000233,67.89914258981197,3.5087719298245723,-6.024447031431879
2003-03-01,5.9,46.26063591580833,75.11342631490507,68.655004301692,71.10544020415266,65.05920754162864,3.5087719298245723,-14.202657807308983
2003-04-01,6.0,46.39498432601881,77.29793312048395,65.35704043590479,70.8347832811352,65.49746067815636,1.6949152542372836,-10.458081244598105
2003-05-01,6.1,49.096880131362894,78.6086372038313,65.70117579581301,70.71878745698488,69.42551180084409,5.1724137931034475,-4.8597049464853885
2003-06-01,6.3,50.60456784594716,78.6758527978491,66.38944651562949,70.79611800641842,71.47929755323493,8.62068965517242,-0.644783118405623
2003-07-01,6.2,44.499178981937604,77.95328516215761,65.12761686263264,71.0281096547191,62.65009613553904,6.896551724137945,-11.464211464211472
2003-08-01,6.1,47.61904761904761,78.40699042177786,62.94809291654717,71.33743185245332,66.75183894696087,7.017543859649122,-9.297696900767715
2003-09-01,6.1,46.141215106732346,80.64190892287012,67.50788643533123,71.56942350075397,64.4705697625834,7.017543859649122,-6.361708573159641
2003-10-01,6.0,49.33572174951485,82.37271046882877,69.2572411815314,71.49209295132042,69.00864097391577,5.263157894736836,-5.001437194596137
2003-11-01,5.8,49.61934617107031,80.1041841707276,69.14252939489532,71.5307582260372,69.3678459471563,-1.6949152542372947,-5.406943653955598
2003-12-01,5.7,50.9628302731751,83.75063014619391,70.08890163464297,71.72408459962108,71.05399888706889,-4.999999999999993,7.731145471757639
2004-01-01,5.7,51.112106284520074,82.33910267181986,67.50788643533123,72.0334067973553,70.95611405456482,-1.724137931034475,-0.49404242952629795
2004-02-01,5.6,52.724287207045826,80.45706603932112,70.20361342127903,72.18806789622239,73.03739903780537,-5.084745762711873,9.383710126974275
2004-03-01,5.8,52.619793999104346,87.833977482776,74.04645827358762,72.34272899508952,72.73681091388752,-1.6949152542372947,13.746369796708624
2004-04-01,5.6,52.41080758322138,86.57368509494202,72.66991683395469,72.45872481923983,72.33194858723878,-6.666666666666677,12.966537966537972
2004-05-01,5.6,55.38140020898642,83.6161989581583,69.63005448809865,72.76804701697405,76.10675630207311,-8.196721311475407,12.800243235025842
2004-06-01,5.6,49.81340498581878,84.17072760880524,76.25466016633209,73.0387039399915,68.201381320711,-11.111111111111116,-1.5634218289085622
2004-07-01,5.5,56.93387072697418,82.18786758527979,74.82076283338112,73.11603448942505,77.8678317615935,-11.290322580645162,27.943643072794355
2004-08-01,5.4,52.85863561725631,84.23794320282305,74.1611700602237,73.15469976414181,72.25596685883194,-11.475409836065564,11.003134796238268
2004-09-01,5.4,57.03836393491566,85.06133422954125,72.58388299397764,73.3866914124425,77.72303511320986,-11.475409836065564,23.616952442575222
2004-10-01,5.5,58.85953127332437,86.52327339942867,73.128763980499,73.77334415961026,79.7842797338568,-8.333333333333337,19.30408472012102
2004-11-01,5.4,51.828631138975965,87.06099815157117,79.9827932320046,74.12133163206124,69.92404210471234,-6.896551724137923,4.452466907340535
2004-12-01,5.4,60.81504702194357,86.59048899344648,77.28706624605678,74.12133163206124,82.04796875996487,-5.263157894736836,19.33216168717047
2005-01-01,5.3,56.7845947156292,87.39707612166022,78.34815027244049,74.08266635734448,76.65031175001657,-7.017543859649134,11.0981308411215
2005-02-01,5.4,59.18793849828332,88.6573685094942,76.02523659305994,74.3919885550787,79.56224809673084,-3.5714285714285587,12.25934314835786
2005-03-01,5.2,60.36721898790864,88.60695681398084,78.77831947232579,74.66264547809612,80.85330837308551,-10.344827586206895,14.72340425531915
2005-04-01,5.2,62.083893118375876,90.10250378087716,78.60625179237167,74.89463712639677,82.89497819930591,-7.142857142857128,18.45628026203361
2005-05-01,5.1,56.680101507687716,88.57334901697193,79.23716661887009,74.85597185168001,75.71887733953136,-8.92857142857143,2.345013477088953
2005-06-01,5.0,60.6359158083296,90.3377583599395,78.97906509893892,74.89463712639677,80.96162573829781,-10.71428571428571,21.726101288582566
2005-07-01,5.0,63.53187042842215,89.53117123172576,78.43418411241755,75.35862042299811,84.30604232377024,-9.090909090909093,11.588883062401667
2005-08-01,4.9,61.830123899089415,90.89228701058646,84.80068827071982,75.82260371959943,81.54576718011981,-9.259259259259256,16.972606608302733
2005-09-01,5.0,64.96492013733392,92.30381448496051,87.35302552337252,76.86656613695241,84.51648538792087,-7.407407407407418,13.896885632033484
2005-10-01,5.0,62.45708314673833,86.10317593681735,82.10496128477202,76.98256196110273,81.13146868026587,-9.090909090909093,6.112097387775828
2005-11-01,5.0,63.41244961934617,89.80003360779702,83.02265557786063,76.59590921393496,82.78829805679709,-7.407407407407418,22.35023041474655
2005-12-01,4.9,63.9199880579191,88.95983868257436,81.70347003154575,76.59590921393496,83.45091626158313,-9.259259259259256,5.105547373588637
2006-01-01,4.7,65.63666218838632,88.57334901697193,84.4565529108116,77.0598925105363,85.17616629093001,-11.32075471698113,15.588853838065187
2006-02-01,4.8,64.56187490670249,91.98454041337591,85.03011184399197,77.09855778525306,83.73940675586994,-11.111111111111116,9.079445145018905
2006-03-01,4.7,70.63740856844305,92.82473533859856,84.7720103240608,77.2145536094034,91.48198787209027,-9.615384615384615,17.01285855588526
2006-04-01,4.7,71.50320943424391,87.63233070072258,79.66733581875538,77.60120635657117,92.14187870442701,-9.615384615384615,15.171916326039913
2006-05-01,4.6,66.62188386326318,92.38783397748279,86.09119587037569,77.83319800487183,85.59571695755467,-9.80392156862745,17.540163286805388
2006-06-01,4.6,68.87595163457232,91.6652663417913,87.23831373673644,78.02652437845572,88.27248449578511,-8.000000000000007,13.589364844903983
2006-07-01,4.7,65.59187938498283,93.64812636531676,87.38170347003155,78.45184240034025,83.60782535898527,-5.999999999999995,3.242481203007519
2006-08-01,4.7,70.3090013434841,90.28734666442615,87.63980498996273,78.79982987279125,89.2248136283871,-4.081632653061229,13.713182037662964
2006-09-01,4.5,70.71204657411553,88.85901529154764,82.82190995124749,78.41317712562348,90.1787801058358,-9.999999999999998,8.846507352941192
2006-10-01,4.4,68.53261680847888,90.32095446143505,85.54631488385431,78.06518965317248,87.78895832182711,-11.99999999999999,9.72753346080304
2006-11-01,4.5,69.33870726974175,92.33742228196942,87.26699168339547,78.10385492788926,88.77757357016489,-9.999999999999998,9.345574387947252
2006-12-01,4.4,68.96551724137932,87.61552680221811,86.00516203039862,78.52917294977381,87.82152498344625,-10.204081632653061,7.893507706679115
2007-01-01,4.6,71.10016420361248,91.17795328516216,84.7720103240608,78.65947492556936,90.38982814325956,-2.1276595744680993,8.323857175346827
2007-02-01,4.5,70.14479773100463,86.70811628297766,84.11241755090334,78.96454394308472,88.83075140858523,-6.25,8.647398843930642
2007-03-01,4.4,74.07075682937752,92.06855990589817,85.94780613708059,79.37516916057689,93.31729004511665,-6.382978723404253,4.860524091293317
2007-04-01,4.5,69.99552171965965,89.95126869433709,83.48150272440493,79.61334725283223,87.91933028185746,-4.255319148936176,-2.108559498956153
2007-05-01,4.4,69.51783848335572,91.90052092085364,86.32061944364784,79.942388740672,86.95992148654345,-4.347826086956507,4.3468518933452716
2007-06-01,4.6,72.53321391252425,88.50613342295412,83.45282477774592,80.12759540656536,90.52213977530783,0.0,5.309926311226687
2007-07-01,4.7,68.63711001642037,87.66593849773147,84.6286205907657,80.27027027027027,85.50751079486712,0.0,4.642694583522999
2007-08-01,4.6,67.86087475742649,90.03528818685935,86.43533123028391,80.295016046089,84.5144295362923,-2.1276595744680993,-3.4819532908704764
2007-09-01,4.7,69.44320047768323,89.80003360779702,77.1723544594207,80.63527046359664,86.12013090355275,4.444444444444451,-1.7943846316233802
2007-10-01,4.7,69.20435885953128,90.70744412703748,83.91167192429022,80.88388818002552,85.56012874344172,6.818181818181812,0.9801786103245558
2007-11-01,4.7,69.35363487087625,86.9769786590489,79.83940349870949,81.51954529636933,85.07608159336124,4.444444444444451,0.021528525296021783
2007-12-01,5.0,67.84594715629198,86.01915644429508,79.52394608546028,81.75579012488883,82.98610661416349,13.636363636363624,-1.6233766233766267
2008-01-01,5.0,69.0252276459173,85.21256931608133,81.6461141382277,82.03765997757414,84.1384647792076,8.69565217391306,-2.918328784379598
2008-02-01,4.9,63.8752052545156,85.31339270710805,82.62116432463435,82.23601283687121,77.67303283687,8.888888888888902,-8.938071930197921
2008-03-01,5.1,63.06911479325272,82.74239623592673,76.31201605965013,82.53025557746588,76.41938626259768,15.909090909090896,-14.85288190245868
2008-04-01,5.0,60.23287057769816,83.14568980003361,81.35933467163751,82.72126203456676,72.81425487987433,11.111111111111116,-13.947536788227776
2008-05-01,5.4,62.60635915808329,78.82708788438919,74.76340694006309,83.21076441248115,75.23829350700291,22.72727272727273,-9.9420227614344
2008-06-01,5.6,57.17271234512614,82.22147538228869,74.41927158015486,84.08266635734446,67.99583650469265,21.739130434782616,-21.17719695410576
2008-07-01,5.8,55.963576653231826,77.91967736514871,71.37940923429883,84.683138073696,66.08585596406358,23.404255319148938,-18.46454980426273
2008-08-01,6.1,54.8440065681445,78.6758527978491,70.11757958130198,84.55708927811932,64.86032931875812,32.60869565217392,-19.181698196216455
2008-09-01,6.1,48.096730855351545,75.6007393715342,70.77717235445942,84.6293933418397,56.83218200687861,29.78723404255319,-30.73946689595872
2008-10-01,6.5,50.41050903119869,76.4241303982524,67.30714080871809,83.90171287166996,60.08281274102591,38.29787234042552,-27.157031924072474
2008-11-01,6.8,48.23107926556203,68.96319946227524,61.85833094350445,82.41619301705138,58.52136273217974,44.68085106382978,-30.456306500215224
2008-12-01,7.3,46.96223316912972,73.06335069736178,59.76484083739604,81.73761744577195,57.454859386238375,46.0,-30.78107810781079
2009-01-01,7.8,40.871771906254665,68.81196437573517,56.66762259822197,81.9444766655067,49.87739695146412,56.00000000000001,-40.78719723183391
2009-02-01,8.3,42.75264964920137,68.24063182658377,55.9793518784055,82.24297258632023,51.98334678908794,69.38775510204083,-33.06847394250993
2009-03-01,8.7,37.82654127481714,64.8294404301798,52.59535417264124,82.16177550941501,46.0390991313017,70.58823529411764,-40.023668639053255
2009-04-01,9.0,34.25884460367219,65.33355738531338,49.0966446802409,82.24451919730889,41.65486641302314,80.0,-43.122676579925646
2009-05-01,9.4,38.0504552918346,63.1490505797345,48.26498422712934,82.3655415071724,46.197055947870105,74.07407407407408,-39.222699093943724
2009-06-01,9.5,37.36378563964771,61.14938665770458,48.32234012044738,83.04914356416502,44.98997104139898,69.64285714285717,-34.64751958224544
2009-07-01,9.5,33.31840573219883,64.81263653167535,48.32234012044738,83.02439778834628,40.13086107187106,63.793103448275865,-40.46412376633769
2009-08-01,9.6,34.90073145245559,64.02285330196605,44.59420705477488,83.30240111355991,41.89642913759237,57.377049180327866,-36.36363636363637
2009-09-01,9.8,37.12494402149575,66.27457570156277,46.65901921422426,83.46324865638171,44.480588305805334,60.65573770491805,-22.811918063314707
2009-10-01,10.0,35.91580832960143,64.49336246009074,47.6053914539719,83.71379963654641,42.903091826597596,53.846153846153854,-28.753331359194554
2009-11-01,9.9,37.36378563964771,67.61888758191901,51.90708345282478,83.99412287824305,44.483809532495314,45.588235294117666,-22.531723924481597
2009-12-01,9.9,38.334079713390054,67.28280961182995,50.64525379982793,84.03781463867301,45.61527435977524,35.616438356164394,-18.372536554354735
2010-01-01,9.8,42.34960441856994,65.60241976138464,49.95698308001147,84.09233267602366,50.3608391762982,25.64102564102566,3.6157779401022827
2010-02-01,9.8,39.79698462457083,64.93026382120652,52.882133639231434,84.01229555735993,47.37042876944028,18.07228915662651,-6.913407821229045
2010-03-01,9.9,39.9910434393193,72.29037136615695,53.226268999139656,84.04013455515602,47.585648989023156,13.793103448275868,5.7221783741120635
2010-04-01,9.9,47.066726377071205,69.88741388002016,54.402064812159445,84.0594671925144,55.992177858180085,10.000000000000009,37.38562091503268
2010-05-01,9.6,44.603672189879084,74.27323138968241,51.99311729280184,84.01577543208444,53.08963936890068,2.127659574468077,17.222440172616714
2010-06-01,9.4,41.81221077772802,69.08082675180643,54.80355606538572,83.98059003209218,49.78794595483311,-1.0526315789473606,11.905713144226926
2010-07-01,9.4,46.00686669652187,69.95462947403797,51.1901347863493,84.1375710474423,54.680526337728686,-1.0526315789473606,38.08243727598568
2010-08-01,9.5,44.76787580235856,67.98857334901697,52.82477774591339,84.26052662104165,53.130306203402085,-1.041666666666663,28.272027373823793
2010-09-01,9.5,43.55874011046425,67.78692656696353,54.34470891884141,84.3966283880447,51.611943441847984,-3.0612244897959218,17.33011660635302
2010-10-01,9.4,48.29078967010002,70.1226684590825,52.939489532549466,84.6904844758922,57.020325210025646,-5.999999999999995,34.45552784704906
2010-11-01,9.8,47.93252724287207,70.27390354562259,54.115285345569255,84.90507675057032,56.454253476132806,-1.0101010101010055,28.286056731921683
2010-12-01,9.3,45.64860426929393,72.2399596706436,56.696300544880984,85.24610447357229,53.549196823939035,-6.060606060606055,19.080996884735214
2011-01-01,9.1,46.33527392148082,67.21559401781214,52.537998279323205,85.52256118779724,54.17900642584141,-7.142857142857151,9.411350017624255
2011-02-01,9.0,48.15644125988954,71.09729457234079,56.15141955835961,85.79747129103352,56.12804262789765,-8.163265306122458,21.00525131282822
2011-03-01,9.0,48.67890729959696,74.44127037472694,58.30226555778606,86.24134864478212,56.44497455634605,-9.090909090909093,21.724524076147823
2011-04-01,9.1,48.64905209732796,72.18954797513022,53.97189561227415,86.64617407106677,56.14679773099531,-8.080808080808088,3.3618775769108877
2011-05-01,9.0,47.454844006568145,71.60141152747438,56.352165184972755,86.92185747979741,54.59483423671395,-6.25,6.392235609103092
2011-06-01,9.1,51.57486191968951,73.36582087044195,55.14769142529396,86.92185747979741,59.33474434974732,-3.191489361702138,23.348803998571952
2011-07-01,9.0,54.08269891028512,71.60141152747438,56.95440206481216,87.1495959478792,62.05731457737323,-4.255319148936176,17.553536664503568
2011-08-01,9.0,49.693984176742795,72.22315577213914,58.244909664468025,87.42450605111549,56.84216751271965,-5.263157894736848,11.00366788929643
2011-09-01,9.0,56.33676668159426,74.42446647622248,58.531689131058215,87.61435254997487,64.30084231856875,-5.263157894736848,29.335161069225492
2011-10-01,8.8,54.02298850574713,73.43303646445976,57.26985947806137,87.67351042029154,61.61837052807665,-6.382978723404253,11.870170015455939
2011-11-01,8.6,53.21689804448425,73.34901697193749,58.474333237740176,87.83551792135484,60.586991804537426,-12.244897959183687,11.024602927436945
2011-12-01,8.5,56.24720107478728,73.19778188539742,56.81101233151706,87.85639716970189,64.02174785990957,-8.602150537634412,23.21778940483974
2012-01-01,8.3,58.35199283475146,74.89497563434718,58.21623171780901,88.09573522019875,66.23702349370076,-8.791208791208781,25.93427835051547
2012-02-01,8.3,53.97820570234363,76.62577718030583,61.08402638371092,88.28403510806945,61.14152534630788,-7.777777777777772,12.089274643521364
2012-03-01,8.2,59.39692491416629,76.87783565787262,62.14511041009464,88.46885512121563,67.13879684865773,-8.888888888888902,22.017785955228454
2012-04-01,8.2,56.62039110314973,73.75231053604436,61.198738170347,88.61578316513939,63.89425120538082,-9.8901098901099,16.385394292727828
2012-05-01,8.2,57.247350350798634,76.1720719206856,61.31344995698308,88.43250976298187,64.73563908141229,-8.888888888888902,20.63541994337843
2012-06-01,8.2,58.381848037020454,74.60930935977147,61.71494121020935,88.35943239376715,66.073136116183,-9.8901098901099,13.198263386396514
2012-07-01,8.2,55.75459023734886,72.71046882876827,59.420705477487815,88.38495147508023,63.081541944466224,-8.888888888888902,3.0913607507590424
2012-08-01,8.1,56.85923272130169,74.77734834481599,59.33467163751075,88.89842632331903,63.95977417475037,-10.000000000000009,14.418744367677983
2012-09-01,7.8,57.948947604120015,72.29037136615695,55.92199598508747,89.32258438696206,64.87603107527026,-13.33333333333333,2.861685214626397
2012-10-01,7.8,56.35169428272877,73.75231053604436,58.359621451104104,89.5634690484476,62.91816840217124,-11.363636363636376,4.310583033987303
2012-11-01,7.7,57.88923719958202,75.43270038648967,59.592773157441925,89.41306112979933,64.7436028563492,-10.465116279069765,8.779803646563789
2012-12-01,7.9,59.26257650395581,74.8109561418249,58.81846859764841,89.40223485287864,66.28757838266459,-7.058823529411762,5.360934182590249
2013-01-01,8.0,58.560979250634425,75.39909258948076,65.38571838256381,89.57932181108147,65.37332284579777,-3.614457831325313,0.3581478639038238
2013-02-01,7.7,59.77011494252874,76.81062006385481,65.90192142242616,90.06573096701854,66.36277116811071,-7.2289156626506035,10.730088495575242
2013-03-01,7.5,60.844902224212575,73.4162325659553,60.91195870375681,89.81247341762364,67.74660568725987,-8.536585365853655,2.437798441819572
2013-04-01,7.6,59.53127332437678,76.82742396235926,65.84456552910811,89.62494683524727,66.42265956799943,-7.317073170731703,5.14104930134458
2013-05-01,7.5,61.87490670249291,78.35657872626449,64.06653283624892,89.66206549897538,69.00901329693323,-8.536585365853655,8.083441981747042
2013-06-01,7.5,61.94954470816539,74.60930935977147,63.17751648981933,89.87549781541198,68.9281797753138,-8.536585365853655,6.110969061621052
2013-07-01,7.3,57.993730407523515,76.64258107881028,67.7659879552624,90.05142481537331,64.40068052940235,-10.97560975609756,4.016064257028118
2013-08-01,7.2,60.979250634423046,79.48243992606284,66.4181244622885,90.26640374279859,67.55475803398,-11.111111111111105,7.245996324494608
2013-09-01,7.2,61.62113748320645,79.41522433204503,66.01663320906223,90.30042918454936,68.24013799233414,-7.692307692307687,6.3369397217929
2013-10-01,7.2,63.02433198984924,75.9200134431188,68.02408947519358,90.34876077794533,69.75671990094838,-7.692307692307687,11.841059602649008
2013-11-01,6.9,61.486789072995975,77.66761888758192,68.56897046171494,90.51540811197464,67.92963800917961,-10.389610389610382,6.214543579164533
2013-12-01,6.7,61.516644275264966,77.53318769954629,65.58646400917695,90.75474616247149,67.78339081587676,-15.189873417721522,3.8035264483627262
2014-01-01,6.6,61.60620988207195,77.73483448159973,66.2747347289934,90.97475157560994,67.71792042858229,-17.500000000000004,5.2001019627835765
2014-02-01,6.7,65.27839976115838,78.91110737691143,69.14252939489532,91.0748946371264,71.67551499373116,-12.987012987012992,9.215784215784195
2014-03-01,6.7,65.50231377817585,80.0369685767098,70.23229136793806,91.26087460851409,71.77480388957929,-10.666666666666668,7.654563297350325
2014-04-01,6.2,68.15942678011643,82.0030247017308,70.94924003441353,91.43100181726791,74.54739139393708,-18.421052631578938,14.49348044132397
2014-05-01,6.3,70.86132258546051,80.79314400941018,71.20734155434471,91.60499555349341,77.35530377716194,-16.000000000000004,14.523522316043413
2014-06-01,6.1,74.36930885206748,82.75920013443118,71.89561227416117,91.72601786335693,81.0776599534218,-18.666666666666675,20.04819277108436
2014-07-01,6.2,72.33915509777579,84.15392371030079,75.5090335531976,91.82925414685072,78.77571888158111,-15.068493150684926,24.736164736164735
2014-08-01,6.1,79.84773846842812,80.82675180641908,73.10008603383997,91.81456134245835,86.96631264250637,-15.27777777777779,30.942472460220305
2014-09-01,5.9,73.35423197492163,86.52327339942867,78.34815027244049,91.82113443916019,79.88817871067086,-18.055555555555557,19.040697674418606
2014-10-01,5.7,74.8171368861024,85.88472525625946,77.94665901921422,91.80296176004332,81.49751974414632,-20.833333333333336,18.711511132164848
2014-11-01,5.8,72.2943722943723,83.6498067551672,74.56266131344995,91.63012798205932,78.89803701739578,-15.94202898550725,17.57708181597475
2014-12-01,5.6,76.57859381997312,87.24584103512015,73.18611987381703,91.34748482387968,83.83218647740398,-16.417910447761198,24.48434845911185
2015-01-01,5.7,79.77310046275564,85.04453033103681,79.26584456552911,90.76557243939219,87.88916140646096,-13.636363636363624,29.488732735643318
2015-02-01,5.5,81.59426780116435,86.1535876323307,78.60625179237167,90.99563082395701,89.66833578968111,-17.910447761194035,24.994283100846104
2015-03-01,5.4,77.77280191073295,86.13678373382625,78.97906509893892,91.24076866566138,85.23909108626667,-19.402985074626866,18.732907930720156
2015-04-01,5.4,83.56471115091804,87.31305662913796,77.57384571264697,91.33588524146464,91.49165295764972,-12.903225806451612,22.60183968462548
2015-05-01,5.6,83.04224511121063,86.40564610989749,78.66360768568971,91.63708773150833,90.62078157101618,-11.111111111111116,17.18980408679167
2015-06-01,5.3,78.34005075384385,86.11997983532179,79.03642099225695,91.8907319336504,85.2534843344258,-13.114754098360649,5.339221196306698
2015-07-01,5.2,90.40155247051798,86.54007729793311,79.26584456552911,92.03650001933264,98.22358787169088,-16.129032258064512,24.96904663640116
2015-08-01,5.1,81.60919540229885,86.758527978491,82.56380843131632,92.03611336658547,88.67084062670534,-16.393442622950815,2.206019816788185
2015-09-01,5.0,81.9226750261233,88.84221139304319,79.66733581875538,91.82925414685072,89.21195733019339,-15.254237288135597,11.680911680911677
2015-10-01,5.0,86.17704134945514,89.69921021677028,80.58503011184399,91.92011754243514,93.7521009039956,-12.28070175438597,15.183559457302476
2015-11-01,5.1,85.20674727571279,90.03528818685935,83.08001147117866,92.02992692263079,92.58591213198048,-12.06896551724138,17.860830064009892
2015-12-01,5.0,87.25182863113898,93.09359771466981,87.63980498996273,91.93094381935583,94.91018476062716,-10.71428571428571,13.937621832358694
2016-01-01,4.8,89.7447380206001,87.71635019324484,82.44909664468024,91.88879866991455,97.66667898552423,-15.789473684210531,12.5
2016-02-01,4.9,86.13225854605166,91.91732481935809,85.86177229710353,91.76661640180954,93.86012247516322,-10.909090909090901,5.561653860226867
2016-03-01,5.0,91.49126735333631,90.0520920853638,83.65357040435904,92.05428604570236,99.38838405407161,-7.407407407407418,17.639155470249502
2016-04-01,5.1,86.62486938349008,88.95983868257436,84.74333237740179,92.40691335111936,93.7428448176175,-5.55555555555557,3.6620221507681405
2016-05-01,4.8,86.23675175399313,87.32986052764241,86.29194149698881,92.62537215326915,93.10273173455688,-14.28571428571428,3.8468452273952902
2016-06-01,4.9,85.71428571428571,88.74138800201646,86.55004301691999,92.88249623013573,92.28249583421048,-7.547169811320742,9.413109756097548
2016-07-01,4.8,88.99835796387521,91.17795328516216,85.08746773731,92.83571124772841,95.86651167715688,-7.692307692307699,-1.5521796565389656
2016-08-01,4.9,84.74399164054337,89.51436733322132,85.9764840837396,93.0073850674709,91.11533624890865,-3.9215686274509665,3.8412291933418663
2016-09-01,5.0,87.59516345723243,89.1614854646278,87.38170347003155,93.25136295093375,93.93445917066386,0.0,6.924198250728875
2016-10-01,4.9,83.46021794297657,87.5483112082003,88.15600802982506,93.46982175308356,89.29108494873451,-1.9999999999999907,-3.1526069634505327
2016-11-01,4.7,89.13270637408569,89.1950932616367,86.77946659019214,93.58001778602637,95.24758434849885,-7.843137254901955,4.607568325157674
2016-12-01,4.7,89.0282131661442,89.78322970929256,85.71838256380843,93.81626261454588,94.8963545179007,-5.999999999999995,2.035928143712562
2017-01-01,4.7,83.8483355724735,92.40463787598723,91.42529394895325,94.19556895951746,89.01515909788613,-2.083333333333326,-6.5701929474384695
2017-02-01,4.6,88.4161815196298,89.90085699882373,88.58617722971034,94.34559022541855,93.7152243240816,-6.122448979591855,2.6516464471403767
2017-03-01,4.4,86.74429019256605,90.65703243152412,90.33553197591053,94.30151181224143,91.98610767267215,-11.99999999999999,-5.188448360254516
2017-04-01,4.4,90.92401851022541,88.5901529154764,86.83682248351018,94.41789428913893,96.29956185189418,-13.725490196078416,4.962950198173344
2017-05-01,4.4,86.96820420958352,92.03495210888927,89.21709205620878,94.34481691992421,92.18122102393643,-8.333333333333325,0.8481911026484434
2017-06-01,4.3,94.11852515300791,94.68996807259285,90.4502437625466,94.4062947067239,99.69517969685182,-12.244897959183687,9.804946011842564
2017-07-01,4.3,93.11837587699657,92.37103007897832,88.8156008029825,94.4372269264973,98.6034627525359,-10.416666666666663,4.62931902046293
2017-08-01,4.4,93.68562472010747,92.7407158460763,88.98766848293663,94.80068050883501,98.8237892568465,-10.204081632653061,10.551347542716204
2017-09-01,4.3,94.34243917002537,91.58124684926902,91.48264984227129,95.28476974828907,99.01103756586386,-14.000000000000002,7.702794819359227
2017-10-01,4.2,95.65606806986118,93.78255755335238,92.31431029538285,95.35862042299811,100.31192528325559,-14.28571428571429,14.612770524056518
2017-11-01,4.2,93.61098671443499,92.32061838346496,91.36793805563521,95.61303793063449,97.90608973469502,-10.63829787234043,5.0242840395243515
2017-12-01,4.1,94.58128078817734,91.09393379263989,92.40034413535992,95.8144840119089,98.71292609207363,-12.765957446808518,6.23742454728371
2018-01-01,4.0,98.83564711150919,92.62308855654511,86.578720963579,96.22201600742373,102.71625061761729,-14.893617021276595,17.874310129962634
2018-02-01,4.1,97.80564263322884,94.50512518904387,92.40034413535992,96.48107334802614,101.37287992270227,-10.869565217391308,10.619618436603062
2018-03-01,4.0,101.77638453500522,94.4883212905394,95.29681674792086,96.4996326798902,105.46815745156164,-9.090909090909093,17.329203235243497
2018-04-01,4.0,102.65711300194059,93.93379263989246,96.64468024089476,96.75095696554924,106.104493662522,-9.090909090909093,12.904285010671469
2018-05-01,3.8,104.73204955963578,98.45404133759033,96.98881560080298,96.96941576769903,108.00523931229307,-13.636363636363647,20.42567799519397
2018-06-01,4.0,107.92655620241827,96.79045538564947,96.98881560080298,97.05679928855895,111.19937705914093,-6.976744186046513,14.670896114195076
2018-07-01,3.8,107.32945215703838,94.92522265165519,98.25064525379983,97.13258322700383,110.49788710571399,-11.627906976744185,15.261301699262585
2018-08-01,3.8,107.59814897745932,97.71466980339439,98.16461141382277,97.30619031048217,110.57687967655278,-13.636363636363647,14.850223072020396
2018-09-01,3.7,110.62845200776235,94.5219290875483,97.24691712073415,97.50686308626223,113.45709266627902,-13.953488372093014,17.262658227848092
2018-10-01,3.8,109.0311986863711,99.26062846580407,99.16833954688843,97.7349882070912,111.55800055487221,-9.523809523809534,13.982521847690377
2018-11-01,3.8,113.36020301537543,97.89951268694337,100.68827071981646,97.66616401809534,116.06906460908236,-9.523809523809534,21.097113697974823
2018-12-01,3.9,111.79280489625316,96.9248865736851,97.70576426727845,97.73305494335537,114.38586971526328,-4.8780487804877986,18.197601010100996
2019-01-01,4.0,111.98686371100163,97.22735674676525,100.86033839977058,97.65340447743883,114.6778899417422,0.0,13.30614710768765
2019-02-01,3.8,105.47842961636064,95.8494370694001,101.72067679954115,97.94648725979198,107.6898544983967,-7.317073170731703,7.844932844932839
2019-03-01,3.8,109.22525750111957,95.5973785918333,101.2044737596788,98.3169005915787,111.09509844584667,-5.000000000000004,7.318861836315649
2019-04-01,3.7,108.55351545006717,101.09225340278944,100.40149125322625,98.68654061787109,109.99829842085809,-7.499999999999996,5.743783626581345
2019-05-01,3.6,108.59829825347067,95.54696689631996,99.56983080011472,98.71089974094266,110.01652151735678,-5.263157894736836,3.6915621436715895
2019-06-01,3.6,107.38916256157636,97.47941522433204,99.62718669343275,98.67880756292774,108.82697634250799,-9.999999999999998,-0.49792531120331773
2019-07-01,3.7,105.1201671891327,98.65568811964376,104.78921709205622,98.90654603100954,106.28231538504544,-2.631578947368407,-2.0584144645340863
2019-08-01,3.6,107.15032094342438,99.14300117627289,101.51993117292801,98.99702277384681,108.2359023949673,-5.263157894736836,-0.41620421753607584
2019-09-01,3.5,106.3442304821615,100.20164678205343,98.85288213363923,99.14936395623091,107.25659372772853,-5.405405405405405,-3.8726217784374684
2019-10-01,3.6,108.80728466935363,97.143337254243,98.99627186693432,99.42968719792754,109.43138587246965,-5.263157894736836,-0.20536692223439568
2019-11-01,3.6,102.82131661442007,98.25239455553688,101.54860911958703,99.70962378687702,103.12075475702736,-5.263157894736836,-9.296813273637083
2019-12-01,3.6,100.0,100.0,100.0,100.0,100.0,-7.692307692307687,-10.548804913873667
2020-01-01,3.6,106.3442304821615,100.5041169551336,102.17952394608547,100.19216641534238,106.14026454055899,-9.999999999999998,-5.03865635830445
2020-02-01,3.5,103.98566950291088,100.65535204167367,100.28677946659019,100.23972470324402,103.73698632030025,-7.894736842105255,-1.41522785168412
2020-03-01,4.4,87.98328108672936,86.89295916652662,84.11241755090334,99.78579437806907,88.17215079070046,15.789473684210531,-19.44786114527812
2020-04-01,14.8,68.75653082549634,67.70290707444127,57.09779179810725,98.99547616285813,69.45421497077757,300.0,-36.66116611661165
2020-05-01,13.2,83.77369756680102,136.6661065367165,64.7834815027244,98.90654603100954,84.6998514542566,266.66666666666663,-22.859106529209626
2020-06-01,11.0,91.49126735333631,125.64274911779533,74.39059363349584,99.38599543749757,92.05649845392338,205.55555555555554,-14.804003336113436
2020-07-01,10.2,97.47723540826989,106.20063854814316,86.60739891023803,99.89251053628735,97.58212591209221,175.67567567567565,-7.270661743822771
2020-08-01,8.4,95.96954769368563,100.89060662073601,84.05506165758531,100.26524378455707,95.71566783390888,133.33333333333334,-10.43466146558929
2020-09-01,7.8,97.19361098671445,100.25205847756679,91.33926010897619,100.52855430537835,96.68259098948816,122.85714285714286,-8.60471645143176
2020-10-01,6.9,101.47783251231527,102.35254579062342,94.95268138801262,100.65305648996636,100.8194247160603,91.66666666666667,-6.736177802167642
2020-11-01,6.7,101.80623973727423,99.04217778524618,92.02753082879266,100.88195491628969,100.9162043120115,86.11111111111111,-0.9872241579558683
2020-12-01,6.7,101.10464248395283,93.71534195933457,96.61600229423574,101.32041913157795,99.78703537798744,86.11111111111111,1.1046424839528335
2021-01-01,6.4,107.53843857292134,94.00100823391027,94.20705477487812,101.5500908633956,105.89693978470312,77.77777777777779,1.1229646266142757
2021-02-01,6.2,115.71876399462606,96.99210216770291,98.3366790937769,101.91122452925028,113.54859538697112,77.14285714285715,11.283376399655465
2021-03-01,6.1,126.4367816091954,103.31036800537726,104.98996271866933,102.40382012914202,123.46881341901629,38.636363636363626,43.70546318289787
2021-04-01,6.1,139.66263621436036,104.45303310368006,112.10209349010611,103.0912887136063,135.47472144067518,-58.7837837837838,103.12635692574905
2021-05-01,5.8,147.85788923719957,101.04184170727608,110.00860338399772,103.77914395081777,142.47360655361666,-56.060606060606055,76.49679258731288
2021-06-01,5.9,153.7244364830572,111.00655352041673,114.28161743619157,104.67076518578664,146.86472981276304,-46.36363636363636,68.02088432044383
2021-07-01,5.4,164.93506493506493,113.12384473197783,115.60080298250645,105.15601438348219,156.84796148091058,-47.058823529411754,69.20367534456355
2021-08-01,5.1,163.54679802955664,107.37691144345489,118.2104961284772,105.46031009550323,155.07900354308762,-39.28571428571429,70.41530564629024
2021-09-01,4.7,162.39737274220033,111.79633675012603,123.888729566963,105.92042686463287,153.320164532329,-39.74358974358974,67.0864690523729
2021-10-01,4.5,169.29392446633827,111.77953285162157,118.46859764840838,106.92031086880873,158.3365434412756,-34.78260869565217,66.8284789644013
2021-11-01,4.2,165.97999701447975,114.4513527138296,128.7926584456553,107.80806557630594,153.95879346058766,-37.31343283582089,63.03519061583576
2021-12-01,3.9,170.42842215256007,110.83851453537221,125.81015199311729,108.57441132119243,156.96923435153315,-41.7910447761194,68.56636645504206
2022-01-01,4.0,167.756381549485,107.5449504284994,126.29767708632062,109.24564049027568,153.55887960070825,-37.5,55.9966685174903
2022-02-01,3.8,174.0707568293775,114.36733322130735,123.91740751362204,110.01237288790936,158.22834492147229,-38.70967741935485,50.42569659442724
2022-03-01,3.7,181.13151216599493,111.0233574189212,129.02208201892745,111.14990527007693,162.96146337315682,-39.344262295081954,43.25855962219598
2022-04-01,3.7,177.35482907896701,111.14098470845235,127.81760825924864,111.581023083169,158.9471257552212,-39.344262295081954,26.988029072253106
2022-05-01,3.6,171.41364382743694,108.56998823727105,122.13937482076282,112.63155859722383,152.18971126948605,-37.93103448275862,15.931347804139339
2022-06-01,3.6,168.02507836990597,109.39337926398925,118.69802122168053,114.09039941228782,147.27363497318885,-38.98305084745763,9.302777238298688
2022-07-01,3.5,173.30944917151814,108.72122332381113,114.85517636937195,114.03936124966168,151.97336013843406,-35.18518518518518,5.077382568558253
2022-08-01,3.6,151.48529631288253,108.26751806419088,120.4473759678807,114.12519815953293,132.73606421355325,-29.411764705882348,-7.374954362906161
2022-09-01,3.5,161.397223466189,104.28499411863552,117.895038715228,114.61199396821715,140.82053533676918,-25.531914893617024,-0.6158654288077936
2022-10-01,3.6,156.56068069861172,102.5709964711813,113.1344995698308,115.21439894830452,135.88638410452398,-19.999999999999996,-7.5213825941275125
2022-11-01,3.6,158.51619644723093,103.0751134263149,117.0060223687984,115.49626880098984,137.24789388683038,-14.28571428571429,-4.496807266840531
2022-12-01,3.5,162.35258993879685,102.7222315577214,119.67307140808718,115.5349340757066,140.5225105615346,-10.256410256410254,-4.738547779626856
2023-01-01,3.5,155.14255859083445,106.6543438077634,109.92256954402065,116.1721378030391,133.5454107368384,-12.5,-7.519131518063715
2023-02-01,3.6,146.97716077026422,101.15946899680725,112.58961858330943,116.56652360515021,126.0886541217657,-5.263157894736836,-15.56470285567274
2023-03-01,3.5,142.88699805941184,99.6807259284154,109.5497562374534,116.63109461392722,122.51192405627079,-5.405405405405405,-21.11422449315973
2023-04-01,3.4,149.1565905359009,100.05041169551336,103.78548895899054,117.10087770173607,127.37444284219023,-8.108108108108114,-15.899335072805309
2023-05-01,3.6,138.97596656217345,102.97429003528819,115.0845999426441,117.27796465993889,118.50134589660593,0.0,-18.92362623007926
2023-06-01,3.6,137.19958202716825,99.64711813140649,105.79294522512188,117.58071376097128,116.68544750126281,0.0,-18.34577114427861
2023-07-01,3.5,128.46693536348707,94.87481095614181,102.15084599942644,117.78022657850984,109.0734320143744,0.0,-25.874246339362628
2023-08-01,3.7,138.63263173608001,97.86590488993447,103.75681101233153,118.36909871244634,117.11893834121337,2.77777777777779,-8.48443042964131
2023-09-01,3.8,138.51321092700402,96.99210216770291,104.3303699455119,118.84700150794572,116.54750155202149,8.571428571428562,-14.178690344062161
2023-10-01,3.9,127.63098969995521,95.78222147538229,102.03613421279036,118.95487762440553,107.29361607427658,8.333333333333325,-18.47826086956521
2023-11-01,3.7,129.31780862815344,92.43824567299613,101.77803269285918,119.12268491667632,108.55850732260474,2.77777777777779,-18.41981354176476
2023-12-01,3.8,128.15345573966263,94.33708620399933,96.64468024089476,119.37323589684105,107.35526667837772,8.571428571428562,-21.064729680029437
2024-01-01,3.7,126.40692640692642,93.6313224668123,96.15715514769143,119.7827011560917,105.53020192974486,5.714285714285716,-18.52208217069181
2024-02-01,3.9,126.06359158083296,95.17728112922198,99.45511901347864,120.25751072961373,104.82804010825868,8.333333333333325,-14.229128580134065
2024-03-01,3.9,120.80907598148978,91.950932616367,95.46888442787497,120.67702896029078,100.10942183639808,11.428571428571432,-15.451316339323007
2024-04-01,3.9,113.73339304373786,93.83296924886574,97.90650989389161,121.02849630746628,93.97240857624504,14.705882352941169,-23.74899919935951
2024-05-01,4.0,117.9429765636662,93.64812636531676,96.21451104100946,121.07644124811507,97.41199472651526,11.111111111111116,-15.134264232008599
2024-06-01,4.1,110.64337960889685,85.49823559065703,94.1783768282191,121.07296137339054,91.38570524237139,13.888888888888884,-19.35589163311936
2024-07-01,4.2,112.01671891327064,91.59805074777348,97.21823917407514,121.24115531840853,92.39166240134193,19.999999999999996,-12.805019753660218
2024-08-01,4.2,114.1812210777728,87.88438917828937,91.10983653570405,121.45961412055833,94.00756120008653,13.513513513513509,-17.637557876601704
2024-09-01,4.1,106.03075085833706,92.7407158460763,88.47146544307427,121.73800409851911,87.09749403524751,7.8947368421052655,-23.450802888242272
2024-10-01,4.1,113.67368263919988,89.90085699882373,92.25695440206482,122.01368750724974,93.16469730696868,5.128205128205132,-10.935672514619876
2024-11-01,4.2,119.88356471115091,89.17828936313225,86.95153427014625,122.35587518849323,97.97941008265141,13.513513513513509,-7.2953942052406795
2024-12-01,4.1,112.07642931780863,90.3041505629306,88.75824490966447,122.80207245872484,91.2659103171722,7.8947368421052655,-12.545136866627837
2025-01-01,4.0,115.86804000597104,90.25373886741724,93.37539432176656,123.37547848277464,93.91496708330759,8.108108108108091,-8.337269721303741
2025-02-01,4.1,111.6584564860427,90.23693496891279,93.20332664181244,123.6418822255732,90.30795590957776,5.128205128205132,-11.426879810538782
2025-03-01,4.2,107.47872816838333,90.80826751806418,95.89905362776025,123.58001778602639,86.97096026841349,7.692307692307709,-11.034227109848038
2025-04-01,4.2,110.3896103896104,94.35389010250378,92.19959850874677,123.85299462552683,89.12954484740285,7.692307692307709,-2.940018375114828
2025-05-01,4.2,115.12165994924615,91.83330532683583,93.77688557499283,123.95313768704325,92.87514789654232,5.000000000000004,-2.3921022655360002
2025-06-01,4.1,109.82236154649947,88.50613342295412,92.02753082879266,124.30885821443762,88.34636817036129,0.0,-0.7420399352401574
2025-07-01,4.2,107.19510374682788,89.1950932616367,91.99885288213365,124.55322275064763,86.06369339910998,0.0,-4.304371002132202
